FPN,federal_provider_number,max_flood_risks,max_rfld_risks,max_cfld_risks,lat,long,provider_name,SCORE_K,DTC_K,NUM_DEF_K,NUM_INSP_K,NUM_COMPL_K,SCORE_E,DTC_E,NUM_DEF_E,NUM_INSP_E,NUM_COMPL_E,K_DEF_IND,E_DEF_IND,KE_DEF_IND
495002,495002,15.45017147,15.45017147,0,37.233942,-79.9729052,SOUTH ROANOKE NURSING AND REHABILITATION,18.22222222,28.22222222,9,3,0,5.333333333,44.75,12,3,0,49.44444444,54.08333333,103.5277778
495011,495011,19.83069784,15.92314686,3.907550976,38.7349122,-77.0590098,PROMEDICA SKILLED NURSING AND REHAB (ALEXANDRIA),7.294117647,55.47058824,17,3,0,0,45,2,3,0,68.43137255,45.66666667,114.0980392
495013,495013,20.83458579,20.83458579,0,37.2801597,-80.1264926,RICHFIELD: HEALTH CENTER - SALEM,14.8,75.35,20,2,0,0,0,0,0,0,100.15,0,100.15
495015,495015,22.53314042,22.53314042,0,36.6209283,-79.3827201,ROMAN EAGLE REHABILITATION AND HEALTH CARE CENTER,17.64705882,44,17,2,0,0,0,0,0,0,70.14705882,0,70.14705882
495019,495019,14.89425393,12.61690488,2.277349058,38.8162249,-77.0719611,WOODBINE REHABILITATION & HEALTHCARE CENTER,10.4,92.93333333,15,3,0,0,0,0,0,0,108.3333333,0,108.3333333
495034,495034,24.97104271,24.97104271,0,37.7808777,-79.459841,KENDAL  AT LEXINGTON,12,31,2,3,0,0,0,0,0,0,43.66666667,0,43.66666667
495038,495038,17.81795735,16.24829222,1.569665127,38.7714104,-77.5005331,MANASSAS HEALTH AND REHAB CENTER,0,0,0,0,0,0,0,0,0,0,0,0,0
495045,495045,16.32591342,13.75515523,2.57075819,37.6154708,-77.4722138,PROMEDICA SKILLED NURSING AND REHAB (RICHMOND),5.2,72.65,20,2,0,0,30,1,2,0,87.85,30.5,118.35
495046,495046,11.11121982,11.11121982,0,37.3514019,-79.5175735,OAKWOOD HEALTH AND REHAB CENTER,20,113.25,4,2,0,0,0,0,0,0,135.25,0,135.25
495057,495057,16.47705555,13.5400776,2.936977951,38.8372538,-77.1043783,GOODWIN HOUSE ALEXANDRIA,9.647058824,55.23529412,17,3,0,0,0,0,0,0,70.54901961,0,70.54901961
495068,495068,36.75895481,27.92068305,8.838271763,36.8654723,-76.3017158,SIGNATURE HEALTHCARE OF NORFOLK,4,47,2,2,0,0,26,12,2,0,52,32,84
495071,495071,25.1624698,16.58094435,8.581525449,37.1469752,-76.5074528,THE GARDENS AT WARWICK FOREST,0,42,2,2,0,0,44,2,2,0,43,45,88
495077,495077,16.58683364,16.56143225,0.025401392,37.4126168,-79.1758838,PROMEDICA SKILLED NURSING AND REHAB (LYNCHBURG),4.307692308,43,13,3,0,0,0,0,0,0,51.64102564,0,51.64102564
495079,495079,12.4834384,10.47654342,2.006894987,37.3842377,-77.5073957,HEALTH CARE CENTER LUCY CORR,6.2,54.25,20,2,0,0,0,0,0,0,70.45,0,70.45
495085,495085,12.6585293,8.863046857,3.795482441,37.3075884,-77.2888621,RIVER VIEW ON THE APPOMATTOX HEALTH & REHAB CENTER,13,299,4,2,0,0,0,0,0,0,314,0,314
495086,495086,23.69570445,16.55156256,7.144141898,36.8681065,-76.0294435,BAY POINTE REHABILITATION AND NURSING,5.142857143,35.71428571,7,2,0,0,0,0,0,0,44.35714286,0,44.35714286
495087,495087,21.14325409,21.14325409,0,37.2777275,-80.0219709,SALEM HEALTH & REHABILITATION,17.52380952,58.04761905,21,2,0,0,0,0,0,0,86.07142857,0,86.07142857
495092,495092,18.77602853,18.77602853,0,37.3221986,-79.9435436,FRIENDSHIP HEALTH AND REHAB CENTER,16.28571429,45,14,2,0,0,0,0,0,0,68.28571429,0,68.28571429
495093,495093,19.62820481,19.60520802,0.022996787,38.438652,-78.8565777,HARRISONBURG HLTH & REHAB CNTR,4.52173913,37.43478261,23,3,0,8,33,1,3,0,49.62318841,41.33333333,90.95652174
495096,495096,17.06870451,15.2386388,1.830065707,37.5975427,-77.4618146,WESTMINSTER-CANTERBURY OF RICHMOND,6.363636364,64.54545455,22,2,0,0,0,0,0,0,81.90909091,0,81.90909091
495097,495097,16.29950573,14.04149901,2.258006718,37.6394048,-77.4934091,PARHAM HEALTH CARE & REHAB CEN,4.571428571,41,14,1,0,0,0,0,0,0,59.57142857,0,59.57142857
495099,495099,11.58199255,10.88391994,0.698072608,38.8483715,-77.3158847,FAIRFAX REHABILITATION AND NURSING CENTER,6,181,8,2,0,0,0,0,0,0,191,0,191
495102,495102,15.54125812,13.9592268,1.582031317,38.8601875,-77.1295057,PROMEDICA SKILLED NURSING AND REHAB (ARLINGTON),7.428571429,57.71428571,14,2,0,0,0,0,0,0,72.14285714,0,72.14285714
495105,495105,19.5290655,19.5290655,0,37.3682936,-79.1813942,LYNCHBURG HEALTH & REHABILITATION  CENTER,14.33333333,59.16666667,12,3,1,14,113,2,3,1,78.5,128.6666667,207.1666667
495107,495107,28.65318739,28.65318739,0,36.6050402,-79.4106476,PINEY FOREST HEALTH AND REHABILITATION CENTER,14.66666667,49,3,1,0,0,0,0,0,0,66.66666667,0,66.66666667
495108,495108,30.19683682,24.04590098,6.150935839,36.7438135,-76.2473688,CHESAPEAKE HEALTH AND REHABILITATION CENTER,4,55,4,2,0,0,44,9,2,0,61,48.5,109.5
495109,495109,16.81342957,14.86558246,1.947847116,37.6280934,-77.5707413,THE LAURELS OF UNIVERSITY PARK,7.733333333,54.6,15,3,0,0,44,2,3,0,67.33333333,44.66666667,112
495112,495112,17.24600894,17.24600894,0,37.402664,-79.1418005,GUGGENHEIMER HEALTH AND REHAB CENTER,13.45454545,46.09090909,11,2,0,0,0,0,0,0,65.04545455,0,65.04545455
495113,495113,16.43983895,14.72159627,1.718242681,37.2159112,-77.450127,HIRAM W DAVIS MEDICAL CTR,4.571428571,147.8571429,7,2,0,0,0,0,0,0,155.9285714,0,155.9285714
495114,495114,22.69138216,18.32193505,4.369447112,38.8583491,-77.057121,"REGENCY CARE OF ARLINGTON, LLC",5.777777778,37.44444444,9,2,0,0,0,0,0,0,47.72222222,0,47.72222222
495115,495115,21.97744821,16.82636953,5.151078685,37.2645177,-77.398874,COLONIAL HEIGHTS REHABILITATION AND NURSING CENTER,7.2,70,5,1,0,0,0,0,0,0,82.2,0,82.2
495117,495117,24.91230296,18.27022553,6.642077425,36.8669264,-76.2062659,LAKE TAYLOR HOSP,4,50,2,2,0,0,45,8,2,0,55,49,104
495118,495118,13.36562611,13.36562611,0,36.9940323,-79.9028606,ROCKY MOUNT HEALTH & REHAB CENTER,20,74.55555556,27,2,0,0,0,0,0,0,108.0555556,0,108.0555556
495120,495120,16.60994282,16.60994282,0,37.450515,-79.191268,WESTMINSTER-CANTERBURY OF LYNCHBURG INC,6.666666667,49.66666667,9,3,0,0,0,0,0,0,59.33333333,0,59.33333333
495121,495121,18.59433777,16.15549204,2.438845727,38.8957466,-77.1059967,CHERRYDALE HEALTH AND REHABILITATION CENTER,4,33.75,4,2,0,0,0,0,0,0,39.75,0,39.75
495123,495123,14.16443283,10.84263417,3.321798653,37.2643466,-77.3249492,WONDER CITY REHABILITATION AND NURSING CENTER,4,29,2,2,0,0,0,0,0,0,34,0,34
495126,495126,17.59862311,17.59862311,0,36.6577872,-80.9291117,WADDELL NURSING AND REHAB CENTER,10.85714286,58.64285714,14,3,0,0,0,0,0,0,74.16666667,0,74.16666667
495127,495127,33.24616497,25.0227278,8.223437171,36.9109468,-76.0799365,WESTMINSTER-CANTERBURY ON CHESAPEAKE BAY,0,0,0,0,0,0,0,0,0,0,0,0,0
495131,495131,10.20783011,10.20783011,0,36.5961909,-82.218724,"NHC HEALTHCARE, BRISTOL",15,290.25,4,2,0,0,0,0,0,0,307.25,0,307.25
495133,495133,18.11554915,18.11554915,0,36.8029975,-81.6756611,VALLEY REHABILITATION AND NURSING CENTER,12.61538462,52.69230769,13,3,0,0,0,0,0,0,69.64102564,0,69.64102564
495134,495134,20.7850955,20.7850955,0,36.7189846,-82.795995,RIDGECREST MANOR NURSING & REHABILITATION,0,0,0,0,0,0,0,0,0,0,0,0,0
495135,495135,17.37015294,17.37015294,0,36.8760845,-82.7524975,HERITAGE HALL BIG STONE GAP,8,49,7,3,0,0,0,0,0,0,59.33333333,0,59.33333333
495139,495139,28.18882155,28.18882155,0,38.6478424,-78.6637146,LIFE CARE CENTER OF NEW MARKET,4.333333333,52,12,3,0,0,37.5,4,3,0,60.33333333,38.83333333,99.16666667
495140,495140,23.26875345,23.26875345,0,39.1471788,-77.9797091,ROSE HILL HEALTH AND REHAB,4.4,39.6,10,3,0,0,29,2,3,0,47.33333333,29.66666667,77
495141,495141,23.38813997,23.38813997,0,37.816061,-79.8045904,ALLEGHANY HEALTH AND REHAB,17.09090909,38.18181818,11,3,0,0,0,0,0,0,58.93939394,0,58.93939394
495142,495142,17.37749894,17.37749894,0,39.1721585,-78.1634797,EVERGREEN HEALTH AND REHAB,5,26.4375,16,2,0,0,42,15,2,0,39.4375,49.5,88.9375
495143,495143,20.04443996,20.04443996,0,36.670158,-79.8400299,MARTINSVILLE HEALTH AND REHAB,18.66666667,45.5,12,2,0,0,0,0,0,0,70.16666667,0,70.16666667
495144,495144,15.09564159,12.18384295,2.911798636,37.2074924,-77.3818773,PETERSBURG HEALTHCARE CENTER,0,0,0,0,0,0,0,0,0,0,0,0,0
495146,495146,20.77824706,20.77824706,0,38.4358653,-78.8855446,CHOICE HEALTHCARE AT HARRISONBURG,4.210526316,27.68421053,19,3,0,0,0,0,0,0,38.22807018,0,38.22807018
495147,495147,21.32420439,21.32420439,0,38.0682442,-78.9267911,CHOICE HEALTHCARE AT WAYNESBORO,20,34.57142857,7,3,0,0,0,0,0,0,56.9047619,0,56.9047619
495149,495149,25.619247,18.19701568,7.42223132,36.8375748,-76.3094068,PORTSMOUTH HEALTH AND REHAB,5.714285714,36.57142857,7,2,0,0,30,1,2,0,45.78571429,30.5,76.28571429
495150,495150,24.26381317,17.81336388,6.450449289,36.8418015,-76.1081088,BIRCHWOOD PARK REHABILITATION,5.6,38.6,5,3,0,0,37,18,3,0,45.86666667,43,88.86666667
495151,495151,16.90529673,16.90529673,0,37.4129712,-79.1824081,CHOICE HEALTHCARE AT LYNCHBURG,17.33333333,48,12,3,0,0,0,0,0,0,69.33333333,0,69.33333333
495152,495152,30.97300584,30.97300584,0,37.1234116,-81.4911403,HERITAGE HALL TAZEWELL,20,30,1,2,0,0,0,0,0,0,50.5,0,50.5
495153,495153,14.6842609,14.66742973,0.016831165,38.0569121,-78.4996313,CEDARS HEALTHCARE CENTER,13.81818182,43,11,3,0,0,0,0,0,0,60.48484848,0,60.48484848
495155,495155,12.75874837,11.23618517,1.522563203,38.8371362,-77.1753867,ANNANDALE  HEALTHCARE CENTER,11.42857143,57,14,2,0,0,34,10,2,0,75.42857143,39,114.4285714
495156,495156,15.03605308,15.03605308,0,37.2591593,-79.9482555,CHOICE HEALTHCARE AT ROANOKE,15.42857143,79.76190476,21,3,0,0,0,0,0,0,102.1904762,0,102.1904762
495157,495157,20.958785,18.21251838,2.746266613,36.6920412,-76.9375687,SOUTHAMPTON MEMORIAL HOSP,4,38,3,2,0,0,0,0,0,0,43.5,0,43.5
495160,495160,42.82158881,19.23894904,23.58263977,37.6753605,-76.4014375,RAPPAHANNOCK WESTMINSTER CANTERBURY,4,15,2,3,0,0,0,0,0,0,19.66666667,0,19.66666667
495165,495165,16.81027217,16.79519894,0.015073228,39.2004119,-78.1748797,SHENANDOAH VLY WESTMINSTER-CANTERBURY,4.444444444,102.5555556,18,3,0,0,39,1,3,0,113,39.33333333,152.3333333
495166,495166,24.15243352,24.15243352,0,36.5781752,-79.4013247,STRATFORD HEALTHCARE CENTER,20,45.5,12,3,0,0,0,0,0,0,69.5,0,69.5
495167,495167,17.18566636,17.18566636,0,36.9546968,-81.0970348,WYTHE CNTY COMMUNITY HOSP ECU,0,0,0,0,0,0,0,0,0,0,0,0,0
495168,495168,19.17019936,19.17019936,0,37.7506643,-79.3513547,SHENANDOAH VALLEY HEALTH AND REHAB,12.4,21.1,10,3,0,0,0,0,0,0,36.83333333,0,36.83333333
495171,495171,15.98016007,14.35072557,1.6294345,38.8507482,-77.1205162,GOODWIN HOUSE BAILEY'S CROSSROADS,16.44444444,83,9,3,0,0,35,1,3,0,102.4444444,35.33333333,137.7777778
495173,495173,27.51079075,20.79791731,6.712873439,36.8366959,-76.1945745,WATERSIDE HEALTH & REHAB CENTER,12,48,10,2,0,0,45,2,2,0,65,46,111
495174,495174,12.82145005,11.23498808,1.586461977,38.9269836,-77.4163166,DULLES HEALTH & REHAB CENTER,11,80.25,12,2,0,0,0,0,0,0,97.25,0,97.25
495177,495177,8.180669059,8.180669059,0,36.7340166,-78.1335044,COMMUNITY MEMORIAL HOSPITAL HUNDLEY CENTER,14.76923077,45.69230769,13,3,0,0,0,0,0,0,64.79487179,0,64.79487179
495178,495178,15.33957839,14.75968599,0.579892404,38.0839998,-78.482165,CHARLOTTESVILLE HEALTH & REHABILITATION CENTER,20,42,4,2,0,0,0,0,0,0,64,0,64
495179,495179,13.44444285,13.08206137,0.362381487,39.0232856,-77.3899499,POTOMAC FALLS HEALTH & REHAB CENTER,6.666666667,62.66666667,6,2,0,0,0,0,0,0,72.33333333,0,72.33333333
495181,495181,31.80734732,31.80734732,0,37.0923143,-81.7782029,CLINCH VALLEY MEDICAL CENTER,16,49.66666667,3,3,0,0,0,0,0,0,66.66666667,0,66.66666667
495183,495183,14.02473699,12.50885363,1.515883357,37.462058,-77.664205,THE HAVEN AT BRANDERMILL WOODS,2.933333333,92.06666667,15,2,0,0,0,0,0,0,102.5,0,102.5
495184,495184,26.51282171,11.74483154,14.76799017,37.247009,-76.72486,WOODHAVEN HALL AT WILLIAMSBURG LANDING,4,131,1,2,0,0,0,0,0,0,135.5,0,135.5
495185,495185,19.41204634,15.15850985,4.253536488,37.0394732,-77.0790208,WAVERLY REHABILITATION AND HEALTHCARE CENTER,10.4,44,5,2,0,0,21,8,2,0,56.9,25,81.9
495186,495186,24.98364007,18.2819833,6.701656771,36.8067351,-76.216407,BETH SHOLOM HOME OF EASTERN VI,6.181818182,97,11,2,0,0,38.6,10,2,0,108.6818182,43.6,152.2818182
495187,495187,16.9845429,16.9845429,0,36.7607386,-80.7314027,HILLSVILLE HEALTH & REHAB CENTER,0,0,0,0,0,0,0,0,0,0,0,0,0
495188,495188,13.24180015,13.24180015,0,37.3466006,-78.8253899,APPOMATTOX HEALTH & REHABILITATON CENTER,13.33333333,69.66666667,9,2,0,0,0,0,0,0,87.5,0,87.5
495189,495189,31.34495273,17.35044873,13.994504,37.1630835,-76.4606882,REGENCY HEALTH AND REHABILITATION CENTER,8,24,4,2,0,14,39,4,2,0,34,55,89
495190,495190,23.00760109,12.17392086,10.83368024,37.2415538,-76.7656404,CONSULATE HEALTHCARE OF WILLIAMSBURG,6.4,35,5,2,0,0,0,0,0,0,43.9,0,43.9
495191,495191,17.25255917,17.25255917,0,37.1781208,-81.146071,BLAND COUNTY NURSING & REHABILITATION CENTER,13.45454545,62,11,3,0,0,0,0,0,0,79.12121212,0,79.12121212
495192,495192,11.66054952,11.16561555,0.494933969,36.764874,-77.8365048,"ENVOY OF LAWRENCEVILLE, LLC",5.44,101.84,25,2,0,0,0,0,0,0,119.78,0,119.78
495193,495193,17.27105503,14.62318764,2.647867389,37.5416773,-77.3102304,HENRICO HEALTH & REHABILITATION CENTER,4.571428571,75,14,2,0,0,37.66666667,6,2,0,86.57142857,40.66666667,127.2380952
495194,495194,23.70324766,16.8855627,6.817684968,36.8247038,-76.3464571,AUTUMN CARE OF PORTSMOUTH,6.769230769,53.30769231,13,2,0,0,44.45454545,11,2,0,66.57692308,49.95454545,116.5314685
495196,495196,17.00733914,17.00733914,0,37.1239186,-79.2880558,AUTUMN CARE OF ALTAVISTA,10.66666667,46.91666667,12,3,0,0,0,0,0,0,61.58333333,0,61.58333333
495197,495197,18.64924562,14.35310491,4.296140713,38.7106857,-77.1899871,BELVOIR WOODS HEALTH CARE CENTER AT THE FAIRFAX,6,64.66666667,12,3,0,0,31,2,3,0,74.66666667,31.66666667,106.3333333
495199,495199,13.43176075,13.16547264,0.266288108,36.7001161,-77.540946,GREENSVILLE HEALTH AND REHABILITATION CENTER,7,73.3,20,2,0,0,0,0,0,0,90.3,0,90.3
495200,495200,35.47092972,35.47092972,0,37.2409306,-81.2441924,WESTWOOD CENTER,5.142857143,46.42857143,7,3,0,0,0,0,0,0,53.9047619,0,53.9047619
495201,495201,19.49240974,14.15774059,5.334669155,36.7990814,-76.3647477,PORTSIDE HEALTH & REHAB CENTER,8,77,4,2,0,0,0,0,0,0,87,0,87
495202,495202,19.29961176,19.29961176,0,36.9514119,-79.3732184,GRETNA HEALTH AND REHABILITATION CENTER,20,15.66666667,6,3,0,0,0,0,0,0,37.66666667,0,37.66666667
495203,495203,14.86686108,12.11067203,2.756189049,38.8268388,-77.0754573,"ENVOY OF ALEXANDRIA, LLC",6.909090909,70,11,2,0,0,0,0,0,0,82.40909091,0,82.40909091
495204,495204,23.19220843,15.47775596,7.714452472,37.145848,-76.509433,OLD DOMINION REHABILITATION AND NURSING,8,36,2,1,0,0,42,13,1,0,46,55,101
495205,495205,13.9842164,12.41849395,1.565722458,38.8894987,-77.2218787,AUGUST HEALTHCARE AT ILIFF,4,53,2,2,0,0,0,0,0,0,58,0,58
495206,495206,21.41671498,14.88437495,6.532340034,36.8636972,-76.4273166,NORTHERN CARDINAL REHABILITATION AND NURSING,9.333333333,47.66666667,12,2,0,0,59,6,2,0,63,62,125
495207,495207,13.16192118,13.16192118,0,36.9864914,-79.8869509,FRANKLIN HEALTH AND REHABILITATION CENTER,11.66666667,78.16666667,12,2,0,0,0,0,0,0,95.83333333,0,95.83333333
495209,495209,15.97158999,15.6123837,0.359206286,37.2629378,-79.9784557,RALEIGH COURT HEALTH AND REHABILITATION CENTER,10.66666667,46,15,2,0,0,0,0,0,0,64.16666667,0,64.16666667
495210,495210,34.96354472,28.37113866,6.592406058,36.8565415,-76.2745904,NORFOLK HEALTH AND REHABILITATION CENTER,8.8,48.6,10,2,0,1.666666667,36.91666667,12,2,0,62.4,44.58333333,106.9833333
495211,495211,18.61265737,14.88026813,3.732389243,38.736375,-77.0778068,MOUNT VERNON HEALTHCARE CENTER,4,89,4,2,0,0,0,0,0,0,95,0,95
495213,495213,23.85558151,17.86065924,5.994922272,36.8720388,-76.1329919,BAYSIDE HEALTH & REHABILITATION CENTER,0,0,0,0,0,0,0,0,0,0,0,0,0
495214,495214,21.13502018,21.13502018,0,38.094358,-78.986591,AUGUSTA MEDICAL CTR SKILLED CA,20,26,1,3,0,0,0,0,0,0,46.33333333,0,46.33333333
495215,495215,31.66678687,25.38699336,6.279793512,36.7492588,-76.2388596,"OAK GROVE HEALTH & REHAB CENTER, LLC",0,0,0,0,0,0,0,0,0,0,0,0,0
495216,495216,27.30050048,27.30050048,0,36.7335439,-79.9576967,STANLEYTOWN HEALTH AND REHABILITATION CENTER,13.41176471,52.23529412,17,3,0,0,0,0,0,0,71.31372549,0,71.31372549
495217,495217,11.55378384,10.86270152,0.691082324,38.8722303,-77.3791518,PROMEDICA SKILLED NURSING AND REHAB (FAIR OAKS),9,51.66666667,12,3,0,0,0,0,0,0,64.66666667,0,64.66666667
495218,495218,15.96734513,15.96734513,0,37.5222777,-79.8796239,BRIAN CENTER HEALTH AND REHABILITATION,13.23076923,38.76923077,13,3,0,0,0,0,0,0,56.33333333,0,56.33333333
495220,495220,23.70268557,23.70268557,0,37.9993993,-79.831587,THE SPRINGS NURSING CENTER,14.57142857,55.07142857,14,3,0,0,29,8,3,0,74.30952381,31.66666667,105.9761905
495221,495221,22.8811813,22.8811813,0,37.79187,-79.8815,THE BRIAN CENTER,20,48,3,3,0,0,0,0,0,0,69,0,69
495225,495225,15.97606368,15.80538471,0.17067897,38.0277011,-78.4371229,WESTMINSTER CANTERBURY BLUE RI,20,56,16,3,0,0,0,0,0,0,81.33333333,0,81.33333333
495226,495226,14.64256997,14.64256997,0,37.0360296,-78.474859,WAYLAND NURSING AND REHABILITATION CENTER,7.272727273,53.95454545,22,3,0,0.8,42,10,3,0,68.56060606,46.13333333,114.6939394
495227,495227,12.4481112,11.26211165,1.185999553,37.6058278,-77.53319,WESTPORT REHABILITATION AND NURSING CENTER,4,21.28571429,7,3,0,1,35.25,4,3,0,27.61904762,37.58333333,65.20238095
495230,495230,9.65644427,9.146603089,0.509841181,37.7561802,-78.2653678,ENVOY AT THE VILLAGE,13.23076923,41.46153846,13,3,1,0,27,16,3,1,60.02564103,33.33333333,93.35897436
495232,495232,21.48787593,16.18365066,5.304225269,36.8023893,-76.1826758,KEMPSVILLE HEALTH & REHAB CENTER,4,21,2,2,0,0,0,0,0,0,26,0,26
495233,495233,17.28920693,15.67360373,1.6156032,38.7146186,-77.8103703,FAUQUIER HEALTH REHABILITATION & NURSING CENTER,5,50,16,3,0,0,0,0,0,0,60.33333333,0,60.33333333
495234,495234,20.36080155,15.13517982,5.225621735,36.8623384,-76.1706178,CYPRESS POINTE REHABILITATION AND NURSING,4,44,1,2,1,0,42,1,2,1,49.5,43.5,93
495235,495235,20.01471848,11.17028368,8.8444348,37.279696,-76.722338,"ENVOY OF WILLIAMSBURG, LLC",9.714285714,62.42857143,21,3,0,2.5,45,8,3,0,79.14285714,50.16666667,129.3095238
495236,495236,13.42368029,11.81293465,1.61074564,37.7441017,-77.9282724,ENVOY AT THE MEADOWS,5.090909091,50.63636364,11,3,0,0,40,6,3,0,59.39393939,42,101.3939394
495237,495237,25.00479257,18.23023952,6.774553044,36.8675662,-76.027035,VIRGINIA BEACH HEALTHCARE AND REHAB CENTER,11.27272727,126.3636364,11,2,0,0,0,0,0,0,143.1363636,0,143.1363636
495240,495240,13.90755355,12.06457733,1.842976219,38.290287,-77.5254589,FREDERICKSBURG HEALTH AND REHAB,6.823529412,51.52941176,17,3,0,0,31,2,3,0,64.01960784,31.66666667,95.68627451
495241,495241,25.00531933,17.60470761,7.400611712,36.8390769,-76.1184536,THALIA GARDENS REHABILITATION AND NURSING,7.058823529,36.29411765,17,2,0,0,18,19,2,0,51.85294118,27.5,79.35294118
495242,495242,15.92895354,15.92895354,0,37.0419622,-78.9325147,HERITAGE HALL - BROOKNEAL,11,46,4,2,0,0,42,2,2,0,59,43,102
495243,495243,20.61233722,20.61233722,0,38.1577289,-79.0603567,"ENVOY OF STAUNTON, LLC",20,46.25,4,2,0,0,0,0,0,0,68.25,0,68.25
495244,495244,26.3641151,26.17362303,0.190492068,38.3782434,-78.2570842,AUTUMN CARE OF MADISON,9.777777778,80.83333333,18,3,0,0,26,1,3,0,96.61111111,26.33333333,122.9444444
495246,495246,18.92905755,13.65968086,5.269376692,38.3014764,-77.4512388,WOODMONT CENTER,0,0,0,0,0,0,36,1,2,0,0,36.5,36.5
495247,495247,20.05952597,13.35377894,6.705747032,36.739006,-76.5865973,NANS POINTE REHABILITATION AND NURSING,4,43,7,1,0,0,35,3,1,0,54,38,92
495248,495248,11.77876727,10.46422659,1.314540678,38.7858817,-77.2807872,BURKE HEALTH & REHABILITATION CENTER,4,29,5,2,0,0,0,0,0,0,35.5,0,35.5
495249,495249,13.05694809,13.05694809,0,37.2797323,-78.3858669,FARMVILLE HEALTH & REHAB CENTER,11.30434783,46,23,3,0,4.210526316,36.05263158,19,3,0,64.97101449,46.59649123,111.5675057
495250,495250,17.02378438,17.02378438,0,36.6799917,-80.9112251,GALAX HEALTH AND REHAB,14.66666667,53,6,2,0,0,0,0,0,0,70.66666667,0,70.66666667
495252,495252,15.87117047,13.24554449,2.625625978,37.1888637,-77.3760018,BATTLEFIELD PARK HEALTHCARE CENTER,5.714285714,54.42857143,7,3,1,2.666666667,36.66666667,3,3,1,63.47619048,41.33333333,104.8095238
495253,495253,25.97319567,19.42587904,6.547316635,36.8681786,-76.2249651,AUTUMN CARE OF NORFOLK,10,73.375,8,2,0,0,38.66666667,6,2,0,87.375,41.66666667,129.0416667
495254,495254,14.08332462,14.08332462,0,38.061374,-78.5144366,COLONNADES HEALTH CARE CENTER,15.42857143,100,7,3,0,0,0,0,0,0,117.7619048,0,117.7619048
495255,495255,28.56161225,28.56161225,0,38.6626516,-78.4731076,SKYVIEW SPRINGS REHAB AND NURSING CENTER,4,43,15,3,0,0,34,25,3,0,52,42.33333333,94.33333333
495256,495256,25.92647627,20.37095937,5.555516906,36.741053,-76.2003348,AUTUMN CARE OF CHESAPEAKE,20,39,2,2,0,0,0,0,0,0,60,0,60
495257,495257,12.44969901,10.57410769,1.875591318,37.5216408,-77.6155652,THE LAURELS OF WILLOW CREEK,6.8,62,10,2,0,0,0,0,0,0,73.8,0,73.8
495258,495258,17.11687461,11.21495746,5.901917152,36.7659807,-76.5983508,AUTUMN CARE OF SUFFOLK,12.14814815,76.03703704,27,3,1,0,32.83333333,12,3,1,98.18518519,37.83333333,136.0185185
495259,495259,47.02237894,47.02237894,0,37.2990439,-82.0579305,HERITAGE HALL GRUNDY,8,51,5,2,0,0,0,0,0,0,61.5,0,61.5
495260,495260,16.71545999,13.79998737,2.91547262,37.5055578,-77.5257031,BEAUFONT HEALTH AND REHABILITATION CENTER,6.222222222,38,9,1,0,0,0,0,0,0,53.22222222,0,53.22222222
495261,495261,14.09390371,13.96835382,0.125549886,39.1208912,-77.5713452,HERITAGE HALL LEESBURG,9.230769231,157.6923077,13,3,0,0,0,0,0,0,171.2564103,0,171.2564103
495262,495262,20.77203497,20.77203497,0,38.1025695,-78.9702732,SHENANDOAH NURSING HOME,20,25,1,3,0,0,0,0,0,0,45.33333333,0,45.33333333
495264,495264,40.65219766,16.50021369,24.15198397,37.1295515,-76.4034492,BAYSIDE OF POQUOSON HEALTH AND REHAB,6.5,61,8,3,0,0,48.66666667,9,3,0,70.16666667,51.66666667,121.8333333
495266,495266,15.30931232,11.9761493,3.333163014,37.6226811,-77.3426272,HANOVER HEALTH AND REHABILITATION CENTER,3.466666667,74.6,15,2,0,0,45,4,2,0,85.56666667,47,132.5666667
495267,495267,18.06857941,16.5132715,1.55530791,38.7324234,-77.798753,BROOKSIDE REHAB & NURSING CENTER,6.285714286,87.57142857,14,3,0,0,45,14,3,0,98.52380952,49.66666667,148.1904762
495268,495268,30.01000146,13.27618129,16.73382017,38.2649067,-76.9824427,WESTMORELAND REHABILITATION & HEALTHCARE CENTER,6,53,4,2,0,0,0,0,0,0,61,0,61
495269,495269,15.60113851,13.68935157,1.911786942,38.8812752,-77.1130095,THE JEFFERSON,4,29.14285714,7,3,0,0,42,1,3,0,35.47619048,42.33333333,77.80952381
495270,495270,25.54647522,19.18475213,6.361723098,36.8358139,-76.1029101,"ROSEMONT HEALTH & REHAB CENTER, LLC",5.333333333,61,3,2,0,0,41,6,2,0,67.83333333,44,111.8333333
495272,495272,19.79924856,17.82617165,1.973076914,37.6155522,-77.6368774,CANTERBURY REHABILITATION & HEALTH CARE CENTER,13.14285714,63.85714286,7,3,0,0,41,16,3,0,79.33333333,46.33333333,125.6666667
495273,495273,33.16598724,25.23002318,7.935964061,36.8814356,-76.2835951,CONSULATE HEALTH CARE OF NORFOLK,6,42,2,2,0,0,0,0,0,0,49,0,49
495274,495274,21.23315509,21.23315509,0,37.277894,-80.0118562,VIRGINIA VETERANS CARE CENTER,20,14,3,2,0,0,0,0,0,0,35.5,0,35.5
495275,495275,14.82178968,14.78040836,0.041381315,39.1202722,-77.5680489,LOUDOUN NURSING AND REHAB CNTR,6.666666667,31,6,2,0,0,0,0,0,0,40.66666667,0,40.66666667
495276,495276,39.34443556,18.92115625,20.42327931,37.4220664,-76.5434945,WALTER REED NURSING & REHABILITATION CENTER,4,25,1,2,0,20,42,3,2,0,29.5,63.5,93
495277,495277,55.44953293,25.07434864,30.37518429,37.4714481,-75.8606577,NASSAWADOX REHABILITATION AND NURSING,0,0,0,0,0,0,0,0,0,0,0,0,0
495279,495279,27.14211968,27.10194239,0.040177286,38.4593099,-78.0157036,CULPEPER HEALTH & REHABILITATION CENTER,8,94.5,12,3,0,0,0,0,0,0,106.5,0,106.5
495280,495280,18.51152313,13.61006617,4.901456964,38.6868005,-77.2768442,WESTMINSTER AT LAKE RIDGE,7.428571429,56,7,2,0,0,0,0,0,0,66.92857143,0,66.92857143
495282,495282,13.54740837,13.4264564,0.120951975,38.0204564,-78.004465,LOUISA HEALTH & REHABILITATION CENTER,0,0,0,0,0,0,36,2,2,0,0,37,37
495283,495283,18.00452237,15.03164052,2.972881854,37.5879723,-77.4690518,PROMEDICA SKILLED NURSING AND REHAB (IMPERIAL),4.444444444,36,9,3,0,0,35,2,3,0,43.44444444,35.66666667,79.11111111
495286,495286,28.19469018,19.00814912,9.18654106,37.0342424,-76.4554953,JAMES RIVER NURSING AND REHABILITATION CENTER,9.333333333,94.33333333,6,1,0,0,0,0,0,0,109.6666667,0,109.6666667
495287,495287,24.98469957,16.31342497,8.671274596,37.0524205,-76.396148,"HAMPTON HEALTH & REHAB CENTER, LLC",8,78,4,2,0,0,0,0,0,0,88,0,88
495288,495288,17.85305479,15.17133964,2.68171515,38.8381786,-77.1140883,THE FOUNTAINS AT WASHINGTON HOUSE,4,68,2,2,0,0,0,0,0,0,73,0,73
495291,495291,19.6429449,17.53743516,2.105509743,37.6120438,-77.6339239,BETH SHOLOM HOME OF VIRGINIA,7.84,46.04,25,3,0,8,45,5,3,0,62.21333333,54.66666667,116.88
495293,495293,16.27571222,16.27571222,0,37.2699619,-79.8855074,BERKSHIRE HEALTH & REHABILITATION CENTER,20,37.54545455,11,2,0,0,0,0,0,0,63.04545455,0,63.04545455
495294,495294,13.85439672,13.85439672,0,37.0692789,-80.7594602,PULASKI HLTH & REHAB CNTR,14,47.16666667,6,2,0,0,0,0,0,0,64.16666667,0,64.16666667
495295,495295,28.4238922,28.4238922,0,36.5959819,-79.4096362,RIVERSIDE HEALTH & REHAB CNTR,11,47.25,8,2,0,0,0,0,0,0,62.25,0,62.25
495296,495296,25.58391199,20.92595326,4.657958729,36.7082535,-77.0556368,COURTLAND REHABILITATION AND HEALTHCARE CENTER,4,38,1,3,0,0,40,2,3,0,42.33333333,40.66666667,83
495297,495297,15.42968074,10.64645995,4.783220786,38.0474669,-77.3559961,BOWLING GREEN HEALTH & REHABILITATION CENTER,9.090909091,27.63636364,11,2,0,0,0,0,0,0,42.22727273,0,42.22727273
495299,495299,16.90856727,14.61145778,2.297109494,37.6740201,-77.5215645,ELIZABETH ADAM CRUMP HEALTH AND REHAB,10,59.9375,16,3,1,0,29.5,4,3,1,76.27083333,31.83333333,108.1041667
495300,495300,21.73492924,10.52723403,11.2076952,38.2761793,-77.1944349,HERITAGE HALL KING GEORGE,4,62,5,1,0,0,0,0,0,0,71,0,71
495301,495301,26.42873872,26.42873872,0,38.9485516,-78.2117876,HERITAGE HALL  FRONT ROYAL,4,146.5,8,3,0,0,0,0,0,0,153.1666667,0,153.1666667
495302,495302,16.38730215,16.38730215,0,37.4082834,-79.1758397,FOREST HEALTH & REHAB CENTER,11.14285714,48,14,3,0,0,0,0,0,0,63.80952381,0,63.80952381
495303,495303,35.7787105,15.31238775,20.46632275,37.5645032,-76.7995705,THREE RIVERS HEALTH & REHAB CENTER,4,79,3,2,0,0,0,0,0,0,84.5,0,84.5
495305,495305,26.99292592,17.10861268,9.884313242,37.0492778,-76.3963741,COLISEUM NURSING AND REHABILITATION CENTER,6,109,2,2,0,0,0,0,0,0,116,0,116
495306,495306,23.00213092,23.00213092,0,36.63747,-80.2600535,BLUE RIDGE THERAPY CONNECTION,17.71428571,195,7,2,0,0,0,0,0,0,216.2142857,0,216.2142857
495308,495308,25.51702936,15.82801852,9.689010845,37.0122814,-76.3639546,WATERVIEW HEALTH & REHAB CENTER,4,14,2,2,0,5.714285714,40.71428571,7,2,0,19,49.92857143,68.92857143
495309,495309,26.8790684,20.57469831,6.304370095,36.8900417,-76.2551987,NORVIEW HEIGHTS REHABILITATION AND NURSING,6.823529412,34.17647059,17,3,0,0,39,12,3,0,46.66666667,43,89.66666667
495311,495311,15.87562687,13.53216755,2.343459321,37.6550859,-77.6362602,OUR LADY OF HOPE HEALTH CENTER,6.08,149.88,25,3,0,0,0,0,0,0,164.2933333,0,164.2933333
495312,495312,15.64588224,15.59610774,0.049774501,39.0471187,-77.3763733,JOHNSON CNTR/FALCONS LANDING,7.076923077,62.84615385,13,2,0,0,0,0,0,0,76.42307692,0,76.42307692
495315,495315,29.57761424,29.57761424,0,38.8702541,-78.5145697,CONSULATE HEALTH CARE OF WOODSTOCK,6.476190476,63.19047619,21,3,0,0,36,1,3,0,76.66666667,36.33333333,113
495316,495316,31.28102734,31.28102734,0,38.9299903,-78.1981275,WARREN MEMORIAL HOSP LYNN CARE CENTER,4,24,6,3,0,0,0,0,0,0,30,0,30
495317,495317,13.28452626,13.28452626,0,37.5431529,-78.4655434,HERITAGE HALL DILLWYN,10.5,49,8,3,0,0,0,0,0,0,62.16666667,0,62.16666667
495318,495318,27.32308898,27.32308898,0,36.6981992,-78.9198516,BERRY HILL NURSING HOME,13.53846154,46.30769231,13,3,0,0,45,10,3,0,64.17948718,48.33333333,112.5128205
495319,495319,11.63189682,11.40906269,0.222834135,38.8630166,-77.2649854,THE VIRGINIAN,4,79.625,8,3,0,0,50,1,3,0,86.29166667,50.33333333,136.625
495320,495320,19.37747075,19.37747075,0,37.1580692,-82.4467598,HERITAGE HALL CLINTWOOD,16,28,4,2,0,0,0,0,0,0,46,0,46
495321,495321,21.30143402,21.30143402,0,37.7749658,-79.442523,HERITAGE HALL LEXINGTON,20,26.8,5,3,1,0,34,4,3,1,49.46666667,36.33333333,85.8
495323,495323,21.91672409,21.83500366,0.081720431,36.7203745,-80.4745841,HERITAGE HALL - LAUREL MEADOWS,8,64.2,5,3,0,0,0,0,0,0,73.86666667,0,73.86666667
495324,495324,25.62240792,18.29855618,7.323851746,36.7878356,-75.9824326,SEASIDE HHC @ ATLANTIC SHORE,8,52,1,2,0,0,0,0,0,0,60.5,0,60.5
495325,495325,15.98888745,15.98888745,0,37.2230005,-79.9596634,PHEASANT RIDGE NURSING & REHAB CENTER,15.78947368,121.8947368,19,3,0,0,0,0,0,0,144.0175439,0,144.0175439
495326,495326,13.58962663,13.53220701,0.05741962,38.0705945,-78.4946398,MONROE HEALTH & REHAB CENTER,16,47,6,2,0,0,0,0,0,0,66,0,66
495327,495327,17.85514488,15.51605761,2.339087268,37.5206394,-77.481266,ENVOY OF WESTOVER HILLS,8.137931034,106.7931034,58,3,0,0,40.25,8,3,0,134.2643678,42.91666667,177.1810345
495328,495328,41.02047983,12.420186,28.60029383,37.9218951,-76.8706097,CARRINGTON PLACE OF TAPPAHANNOCK,8,23.33333333,6,2,0,0,0,0,0,0,34.33333333,0,34.33333333
495330,495330,25.51128561,19.88413769,5.62714792,36.7770761,-76.337181,GREENBRIER REGIONAL MEDICAL CENTER,9,113.75,8,2,0,0,45,25,2,0,126.75,57.5,184.25
495331,495331,14.2149405,14.2149405,0,36.6177629,-81.1535161,GRAYSON REHABILITATION  AND HEALTH CARE CENTER,0,0,0,0,0,0,0,0,0,0,0,0,0
495332,495332,20.91022002,12.73653781,8.17368221,36.9810474,-76.6078297,RIVERSIDE HEALTHY LIVING COMMUNITY-SMITHFIELD,12,55.61538462,13,2,0,0,31,1,2,0,74.11538462,31.5,105.6153846
495333,495333,12.03005813,12.03005813,0,37.1153379,-80.6831888,HIGHLAND RIDGE REHAB CENTER,20,69,3,3,0,0,0,0,0,0,90,0,90
495334,495334,38.9459854,16.911464,22.0345214,37.7590896,-75.6229001,SHORE HEALTH & REHAB CENTER,60.12121212,42.21212121,33,3,0,0,45,13,3,0,113.3333333,49.33333333,162.6666667
495336,495336,21.0304429,21.0304429,0,38.0930549,-78.9939504,AUGUSTA NURSING & REHAB CENTER,20,44,4,3,0,0,0,0,0,0,65.33333333,0,65.33333333
495337,495337,10.90802017,10.32693623,0.581083942,38.8126368,-77.19147,AUGUST HEALTHCARE AT LEEWOOD,13.33333333,61,9,2,0,0,0,0,0,0,78.83333333,0,78.83333333
495338,495338,10.76650543,10.76650543,0,36.7206071,-81.9608544,CHOICE HEALTHCARE AT ABINGDON,20,52,3,2,0,0,0,0,0,0,73.5,0,73.5
495339,495339,12.59958155,12.59958155,0,37.3074353,-78.4212785,HOLLY MANOR NURSING HOME,10.94736842,51.63157895,19,3,0,0,45,12,3,0,68.9122807,49,117.9122807
495340,495340,25.97994503,15.04225873,10.9376863,37.104087,-76.507581,NEWPORT NEWS NURSING & REHAB,5,54.25,4,2,0,0,0,0,0,0,61.25,0,61.25
495342,495342,30.58140276,17.14975136,13.4316514,37.1946409,-76.4881903,YORK NURSING & REHABILITATION  CENTER,9.333333333,48,3,2,0,0,0,0,0,0,58.83333333,0,58.83333333
495343,495343,20.88315215,20.88315215,0,38.2917679,-78.4378472,CHOICE HEALTHCARE AT GREENE COUNTY,4,17.28571429,7,3,0,0,18,3,3,0,23.61904762,19,42.61904762
495344,495344,21.38599325,21.38599325,0,38.1616863,-79.0699342,KINGS DAUGHTERS COMMUNITY HEALTH & REHAB,12,21,4,3,0,0,0,0,0,0,34.33333333,0,34.33333333
495345,495345,54.63787365,24.08734622,30.55052744,37.7145183,-76.383353,LANCASHIRE NURSING & REHABILITATION CENTER,0,0,0,0,0,0,0,0,0,0,0,0,0
495347,495347,19.82800146,12.82364715,7.004354308,36.8198944,-76.7483962,CONSULATE HEALTH CARE OF WINDSOR,9.230769231,42.46153846,13,2,0,0,40,2,2,0,58.19230769,41,99.19230769
495348,495348,13.6669857,13.6669857,0,36.9199817,-80.2992423,SKYLINE NURSING & REHABILITATION CENTER,0,0,0,0,0,0,0,0,0,0,0,0,0
495349,495349,17.09918972,17.09918972,0,36.9658371,-81.087452,CARRINGTON PLACE AT WYTHEVILLE - BIRDMONT CENTER,14.4,38.8,5,2,0,0,0,0,0,0,55.7,0,55.7
495350,495350,16.99084468,16.99084468,0,36.9675523,-82.5585264,HERITAGE HALL WISE,9,66,4,3,0,0,0,0,0,0,76.33333333,0,76.33333333
495352,495352,16.3821851,16.3821851,0,36.7503649,-83.0500971,LEE HEALTH AND REHAB CENTER,20,24,2,2,0,0,0,0,0,0,45,0,45
495353,495353,7.186046539,7.099736729,0.086309809,37.0710059,-78.003573,HERITAGE HALL BLACKSTONE,9.6,56,5,3,0,0,0,0,0,0,67.26666667,0,67.26666667
495354,495354,12.13234959,11.05206194,1.080287651,38.7660418,-77.2010382,GREENSPRING VILLAGE,5.6,56.3,10,3,0,20,41,2,3,0,65.23333333,61.66666667,126.9
495355,495355,12.38748455,12.38748455,0,37.1287521,-80.5692427,RADFORD HEALTH AND REHAB CENTER,0,0,0,0,0,0,0,0,0,0,0,0,0
495356,495356,14.29576886,14.29576886,0,37.1873278,-80.4081423,HERITAGE HALL BLACKSBURG,0,0,0,0,0,5.333333333,123,3,2,0,0,129.8333333,129.8333333
495357,495357,15.66488097,15.66488097,0,37.2782924,-79.9412254,OUR LADY OF THE VALLEY,13,44.8,20,3,0,0,40,6,3,0,64.46666667,42,106.4666667
495358,495358,6.130907925,6.075568768,0.055339157,37.3365134,-77.9847946,AMELIA REHABILITATION AND HEALTHCARE CENTER,12.66666667,67.16666667,6,3,0,0,45,19,3,0,81.83333333,51.33333333,133.1666667
495359,495359,20.15121403,20.14093044,0.010283588,38.2546278,-78.1176893,DOGWOOD VILLAGE OF ORANGE COUNTY HEALTH AND REHAB,4.75,53.5,16,3,0,0,0,0,0,0,63.58333333,0,63.58333333
495360,495360,23.55356981,23.55356981,0,37.8199448,-79.8143096,THE WOODLANDS HEALTH AND REHAB CENTER,13.6,30.8,10,3,0,0,0,0,0,0,47.73333333,0,47.73333333
495361,495361,16.47041768,13.93331847,2.537099205,38.6291872,-77.2752902,"ENVOY OF WOODBRIDGE, LLC",7.636363636,72.36363636,11,2,0,0,0,0,0,0,85.5,0,85.5
495362,495362,14.84969348,13.49906315,1.350630339,37.7677133,-77.4953806,ASHLAND NURSING AND REHABILITATION,5.818181818,36.90909091,11,2,0,0,0,0,0,0,48.22727273,0,48.22727273
495363,495363,16.10353196,16.10353196,0,37.5790334,-79.0378996,FAIRMONT CROSSING HEALTH AND REHAB CENTER,20,174,1,2,0,0,0,0,0,0,194.5,0,194.5
495364,495364,44.23774607,18.15377166,26.08397441,37.961846,-76.7744995,NORTHERN NECK SENIOR CARE COMMUNITY,0,0,0,0,0,0,0,0,0,0,0,0,0
495365,495365,16.3949215,16.3949215,0,36.9039921,-82.0580444,MAPLE GROVE HEALTH CARE CENTER,8,33,1,2,0,0,0,0,0,0,41.5,0,41.5
495366,495366,18.71017145,13.10469354,5.605477906,36.7877409,-76.6191584,"LAKE PRINCE WOODS, INC",6,19,2,2,0,0,0,0,0,0,26,0,26
495367,495367,29.60180661,19.02407336,10.57773326,37.0445028,-76.4328534,NORTHAMPTON NURSING AND REHABILITATION CENTER,4,89,3,2,0,20,42,2,2,0,94.5,63,157.5
495368,495368,26.13602506,15.29050422,10.84552084,37.0495204,-76.4759871,THE NEWPORT NURSING AND REHABILITATION CENTER,0,0,0,0,0,0,0,0,0,0,0,0,0
495369,495369,22.38395922,11.29354119,11.09041803,37.2558092,-76.8083012,THE CONVALESCENT CENTER AT PATRIOTS COLONY,6.666666667,47,6,3,0,0,0,0,0,0,55.66666667,0,55.66666667
495370,495370,23.18057552,23.18057552,0,38.3823867,-78.9700965,"BRIDGEWATER HOME , INC.",4,69.14285714,21,3,0,0,0,0,0,0,80.14285714,0,80.14285714
495371,495371,22.06203554,22.06203554,0,37.387595,-80.827312,HERITAGE HALL-RICH CREEK,0,0,0,0,0,0,0,0,0,0,0,0,0
495372,495372,27.35555774,27.35555774,0,36.7338101,-78.9225037,SOUTH BOSTON HEALTH & REHAB CENTER,10.66666667,45,9,3,0,0,0,0,0,0,58.66666667,0,58.66666667
495373,495373,16.00856741,16.00856741,0,37.2644521,-80.0137962,BRANDON OAKS NURSING AND REHABILITATION CENTER,13.5,107.5416667,24,3,0,0,0,0,0,0,129.0416667,0,129.0416667
495374,495374,17.29873404,17.29873404,0,36.9444704,-82.6254681,MOUNTAIN VIEW REGIONAL MEDICAL CENTER,8.8,26,5,2,0,0,0,0,0,0,37.3,0,37.3
495375,495375,16.63057623,15.76660479,0.86397144,36.6996704,-77.5375346,EMPORIA REHABILITATION AND HEALTHCARE CENTER,7.333333333,51.5,12,2,0,4,41,25,2,0,64.83333333,57.5,122.3333333
495377,495377,14.4136519,14.4136519,0,38.06897,-78.48225,THE LAURELS OF CHARLOTTESVILLE,20,97.125,8,2,0,0,0,0,0,0,121.125,0,121.125
495378,495378,16.87806506,16.87806506,0,37.2983614,-79.8896191,SPRINGTREE HEALTHCARE & REHAB CENTER,14.18181818,27.54545455,11,2,0,0,0,0,0,0,47.22727273,0,47.22727273
495379,495379,24.20596454,24.20596454,0,36.6225625,-78.5776625,CLARKSVILLE HEALTH & REHAB CENTER,10.33333333,52.16666667,12,2,0,4,41,1,2,0,68.5,45.5,114
495380,495380,9.839326063,9.839326063,0,36.8176155,-78.4704435,CHASE CITY HEALTH AND REHAB CENTER,8.571428571,40.28571429,7,3,0,0,0,0,0,0,51.19047619,0,51.19047619
495381,495381,16.6600661,16.6600661,0,37.3555429,-79.2415467,SUMMIT HEALTH AND REHAB CENTER,13.5,42.25,8,2,0,0,0,0,0,0,59.75,0,59.75
495383,495383,33.76283144,16.95866751,16.80416393,37.4154495,-76.5262879,"FRANCIS N SANDERS NURSING HOME, INC",4,63,10,3,0,0,0,0,0,0,70.33333333,0,70.33333333
495384,495384,16.17375617,16.17375617,0,36.8530156,-81.505892,FRANCIS MARION MANOR HEALTH & REHABILITATION,10,58.5,10,3,0,0,0,0,0,0,71.83333333,0,71.83333333
495385,495385,20.02988997,20.02988997,0,38.4745479,-78.872857,"VMRC, COMPLETE LIVING CARE",4.857142857,57.17857143,28,2,0,0,0,0,0,0,76.03571429,0,76.03571429
495386,495386,16.61750759,16.61750759,0,37.3928,-79.9126673,CARRINGTON PLACE AT BOTETOURT COMMONS,15.4,43.2,20,3,0,0,43.5,6,3,0,65.26666667,45.5,110.7666667
495387,495387,20.09829911,20.09829911,0,38.3978914,-78.8346367,SUNNYSIDE PRESBYTERIAN RETIREMENT COMMUNITY,4.421052632,32.84210526,19,3,0,0,0,0,0,0,43.59649123,0,43.59649123
495388,495388,15.57541673,14.56008579,1.015330938,38.8039587,-77.6053246,GAINESVILLE HEALTH AND REHAB CENTER,4,73,1,3,0,0,0,0,0,0,77.33333333,0,77.33333333
495389,495389,16.42237495,16.42237495,0,39.206185,-78.1667306,"ENVOY OF WINCHESTER, LLC",4,101.5333333,15,3,0,0,35,2,3,0,110.5333333,35.66666667,146.2
495390,495390,13.27597291,12.27508179,1.000891128,38.765055,-77.4534351,BIRMINGHAM GREEN,4,40.27272727,11,2,0,0,45,2,2,0,49.77272727,46,95.77272727
495391,495391,16.17428166,13.59102727,2.583254388,37.5883779,-77.5043727,GLENBURNIE REHAB & NURSING CENTER,4.8,24.93333333,15,3,0,0,45,5,3,0,34.73333333,46.66666667,81.4
495392,495392,24.75318643,18.05363004,6.699556392,36.8679154,-76.0235058,"COLONIAL HEALTH & REHAB CENTER, LLC",4,18,2,3,0,0,42,9,3,0,22.66666667,45,67.66666667
495393,495393,16.22848789,14.56935819,1.659129698,37.4930705,-77.4677957,SITTER AND BARFOOT VETERANS CARE CENTER,0,0,0,0,0,0,0,0,0,0,0,0,0
495394,495394,11.30347016,10.00062596,1.3028442,37.4967545,-77.5636435,THE LAURELS OF BON AIR,6.615384615,50.30769231,26,3,0,0,42,1,3,0,65.58974359,42.33333333,107.9230769
495395,495395,33.54581215,24.69995034,8.845861807,36.8595136,-76.3011154,HARBOR'S EDGE,8.923076923,79.38461538,13,2,0,0,0,0,0,0,94.80769231,0,94.80769231
495396,495396,14.12805602,12.5411666,1.586889418,38.2877017,-77.5457307,CARRIAGE HILL HEALTH AND REHAB CENTER,7.636363636,38.68181818,22,3,0,0,0,0,0,0,53.65151515,0,53.65151515
495397,495397,22.69114126,14.69979105,7.991350216,37.0925834,-76.4525127,THE CHESAPEAKE,4,125,2,3,0,4.8,43.6,5,3,0,129.6666667,50.06666667,179.7333333
495398,495398,16.65344023,14.77432428,1.879115949,37.183783,-77.4845132,DINWIDDIE HEALTH AND REHAB CENTER,5.333333333,183.0833333,12,3,0,0,0,0,0,0,192.4166667,0,192.4166667
495399,495399,20.93303245,20.93303245,0,36.8084388,-79.3950105,CHATHAM HEALTH & REHABILITATION CENTER,15.6,34.2,10,2,0,0,0,0,0,0,54.8,0,54.8
495400,495400,24.49461538,24.39366661,0.100948767,38.4436986,-78.0180894,THE CULPEPER,5,28,4,3,0,0,0,0,0,0,34.33333333,0,34.33333333
495401,495401,14.38642915,11.96982535,2.4166038,37.3540949,-77.4832377,TYLER'S RETREAT AT IRON BRIDGE,4.444444444,50.05555556,18,3,0,0,0,0,0,0,60.5,0,60.5
495402,495402,24.04290412,12.29370028,11.74920384,37.278693,-76.7615155,WINDSORMEADE OF WILLIAMSBURG,0,0,0,0,0,0,0,0,0,0,0,0,0
495403,495403,20.11876433,17.9940732,2.124691124,37.6073639,-77.6338344,LAKEWOOD MANOR,4.4,67.9,10,2,0,0,0,0,0,0,77.3,0,77.3
495404,495404,15.40965373,15.40965373,0,37.4211223,-79.915466,THE GLEBE,18,24,6,3,0,0,0,0,0,0,44,0,44
495405,495405,20.84040154,20.64283808,0.197563457,38.067292,-78.9013291,SUMMIT SQUARE,20,77.85714286,7,3,0,0,0,0,0,0,100.1904762,0,100.1904762
495406,495406,13.2314793,13.2314793,0,37.1964213,-80.4236981,THE WYBE AND MARIETJE KROONTJE HEALTH CARE CENTER,0,0,0,0,0,0,0,0,0,0,0,0,0
495407,495407,17.1915043,12.61929303,4.572211268,38.3664428,-77.507567,FALLS RUN NURSING AND REHAB CENTER,10.4,21,5,3,0,0,27,3,3,0,33.06666667,28,61.06666667
495408,495408,23.2656983,23.2656983,0,36.7315041,-79.8882659,KING'S GRANT RETIREMENT COMMUN,17.56521739,39.17391304,23,3,0,0,0,0,0,0,64.4057971,0,64.4057971
495409,495409,9.981497052,9.981497052,0,36.7254355,-81.9045949,ABINGDON HEALTH CARE LLC,10,51,6,2,0,0,0,0,0,0,64,0,64
495410,495410,14.3343775,13.01450784,1.319869667,38.9195146,-77.1538639,ARLEIGH BURKE PAVILION,6.285714286,31.42857143,7,3,0,0,0,0,0,0,40.04761905,0,40.04761905
495411,495411,15.48783275,15.48783275,0,37.3364416,-79.1760001,LIBERTY RIDGE HEALTH & REHAB,14.11764706,50,17,3,0,0,0,0,0,0,69.78431373,0,69.78431373
495412,495412,19.44529865,19.44529865,0,36.6157137,-82.564471,NOVA HEALTH AND REHAB,4,32,5,2,0,0,0,0,0,0,38.5,0,38.5
495413,495413,13.73106583,11.90162878,1.829437054,37.6404861,-77.3562204,AUTUMN CARE OF MECHANICSVILLE,4.5,21.25,8,3,0,0,32,1,3,0,28.41666667,32.33333333,60.75
495415,495415,16.00774721,15.98835128,0.019395931,39.2010056,-78.210997,THE VILLAGE AT ORCHARD RIDGE,4.444444444,68.88888889,9,3,0,0,45,3,3,0,76.33333333,46,122.3333333
495416,495416,15.5261496,15.15026009,0.375889516,39.0309811,-77.4522932,ASHBY PONDS INC,9.333333333,55.66666667,9,3,0,0,0,0,0,0,68,0,68
495417,495417,16.97993757,16.97993757,0,36.9007715,-81.2741348,RURAL RETREAT CARE CENTER,12.28571429,50.78571429,14,2,0,0,0,0,0,0,70.07142857,0,70.07142857
495418,495418,21.98743841,16.2277171,5.759721303,36.7710989,-76.0881386,PRINCESS ANNE HEALTH & REHABILITATION CENTER,0,0,0,0,0,0,45,2,2,0,0,46,46
495419,495419,13.18236824,11.69139782,1.490970425,37.62429,-77.345005,COVENANT WOODS NURSING HOME,6.875,57.75,32,3,0,0,50,5,3,0,75.29166667,51.66666667,126.9583333
495420,495420,17.26774682,17.26774682,0,37.9964833,-78.4971923,ALBEMARLE HEALTH & REHABILITATION CENTER,17,30.75,4,3,0,0,0,0,0,0,49.08333333,0,49.08333333
495421,495421,16.03879251,16.03879251,0,37.2055746,-79.9913879,FRIENDSHIP HEALTH AND REHAB CENTER - SOUTH,14.90909091,28,11,2,0,0,0,0,0,0,48.40909091,0,48.40909091
495422,495422,43.25922653,17.72886918,25.53035735,37.6087625,-76.5078612,DOCKSIDE HEALTH & REHAB CENTER,4,33,2,3,0,0,0,0,0,0,37.66666667,0,37.66666667
495423,495423,18.67246578,16.39099741,2.28146837,37.5383215,-77.5305711,BONVIEW REHABILITATION AND HEALTHCARE,4.666666667,56.22222222,18,2,0,0,0,0,0,0,69.88888889,0,69.88888889
495424,495424,15.19917341,14.16430019,1.034873229,38.7865951,-77.6313323,LAKE MANASSAS HEALTH & REHABILITATION CENTER,10,59,10,2,0,0,0,0,0,0,74,0,74
495425,495425,8.841092463,8.841092463,0,36.6296327,-82.1185694,THE REHAB CENTER AT BRISTOL,0,0,0,0,0,0,0,0,0,0,0,0,0
495426,495426,20.38093269,20.38093269,0,36.689811,-79.8429357,MULBERRY CREEK NURSING AND REHAB CENTER,0,0,0,0,0,0,0,0,0,0,0,0,0
49A007,49A007,14.51222085,14.51222085,0,38.0732699,-78.4738624,OUR LADY OF PEACE INC,20,56.11111111,9,3,0,0,0,0,0,0,79.11111111,0,79.11111111
49A022,49A022,16.02794844,14.41081374,1.617134699,37.5707689,-77.4508099,VCU HEALTH CHILDREN'S SERVICES AT BROOK ROAD,6,51,4,3,0,0,0,0,0,0,58.33333333,0,58.33333333
49E004,49E004,11.7277261,11.7277261,0,37.3115819,-79.5021367,BEDFORD CO NURSING HOME,4,26.5,2,3,0,0,0,0,0,0,31.16666667,0,31.16666667
49E052,49E052,23.86882298,23.86882298,0,38.3392723,-78.2064564,MOUNTAIN VIEW NURSING HOME,0,0,0,0,0,0,43.08695652,23,3,0,0,50.75362319,50.75362319
49E075,49E075,29.72525257,29.72525257,0,38.8635481,-78.5192742,SKYLINE TERRACE CONV HOME,4,113.5,18,3,0,0,0,0,0,0,123.5,0,123.5
49E076,49E076,19.27027477,19.27027477,0,37.2931038,-80.0594733,SNYDER NURSING HOME,9.333333333,79,6,2,0,0,0,0,0,0,91.33333333,0,91.33333333
49E084,49E084,16.78047955,14.48427447,2.296205077,37.5405548,-77.4713426,THE VIRGINIA HOME,3.80952381,191.952381,21,3,0,0,0,0,0,0,202.7619048,0,202.7619048
49E131,49E131,17.24931239,17.24931239,0,36.8331033,-81.511123,SW VA M H INST GERI TRT CTR,8.571428571,43.71428571,7,3,0,0,0,0,0,0,54.61904762,0,54.61904762
49E256,49E256,20.630401,14.74226627,5.888134724,36.8103394,-76.1362289,OUR LADY OF PERPETUAL HELP,8,41.5,4,3,0,20,45,2,3,0,50.83333333,65.66666667,116.5