FPN,lat,long,provider_name,score_k,dtc_k,num_def_k,num_insp_k,num_compl_k,score_e,dtc_e,num_def_e,num_insp_e,num_compl_e,k_def_index,e_def_index,ke_def_index,max_flood_risks,max_rfld_risks,max_cfld_risks,cms_worker,cms_resident,prob_lcl_95,prob_mean,prob_ucl_95,number_lcl_95,number_mean,number_ucl_95,order_for_plotting,worker_percent_loss
FPN495002,37.233942,-79.9729052,SOUTH ROANOKE NURSING AND REHABILITATION,18.22,28.22,9,3,0,5.33,44.75,12,3,0,49.44,54.08,103.53,15.45,15.45,0,37,86,0.79,0.84,0.87,29,31,32,124,16
FPN495011,38.7349122,-77.0590098,PROMEDICA SKILLED NURSING AND REHAB (ALEXANDRIA),7.29,55.47,17,3,0,0,45,2,3,0,68.43,45.67,114.1,19.83,15.92,3.91,38,87,0.65,0.78,0.86,25,30,33,115,21
FPN495013,37.2801597,-80.1264926,RICHFIELD: HEALTH CENTER - SALEM,14.8,75.35,20,2,0,0,0,0,0,0,100.15,0,100.15,20.83,20.83,0,108,207,0.79,0.83,0.86,85,89,93,280,18
FPN495015,36.6209283,-79.3827201,ROMAN EAGLE REHABILITATION AND HEALTH CARE CENTER,17.65,44,17,2,0,0,0,0,0,0,70.15,0,70.15,22.53,22.53,0,147,268,0.71,0.79,0.85,105,116,126,282,21
FPN495019,38.8162249,-77.0719611,WOODBINE REHABILITATION & HEALTHCARE CENTER,10.4,92.93,15,3,0,0,0,0,0,0,108.33,0,108.33,14.89,12.62,2.28,139,260,0.73,0.83,0.89,101,116,123,283,17
FPN495034,37.7808777,-79.459841,KENDAL  AT LEXINGTON,12,31,2,3,0,0,0,0,0,0,43.67,0,43.67,24.97,24.97,0,28,45,0.75,0.75,0.75,21,21,21,61,25
FPN495038,38.7714104,-77.5005331,MANASSAS HEALTH AND REHAB CENTER,0,0,0,0,0,0,0,0,0,0,0,0,0,17.82,16.25,1.57,57,113,0.73,0.82,0.85,42,47,48,221,18
FPN495045,37.6154708,-77.4722138,PROMEDICA SKILLED NURSING AND REHAB (RICHMOND),5.2,72.65,20,2,0,0,30,1,2,0,87.85,30.5,118.35,16.33,13.76,2.57,67,157,0.68,0.81,0.87,46,54,58,251,19
FPN495046,37.3514019,-79.5175735,OAKWOOD HEALTH AND REHAB CENTER,20,113.25,4,2,0,0,0,0,0,0,135.25,0,135.25,11.11,11.11,0,49,97,0.82,0.88,0.92,40,43,45,199,12
FPN495057,38.8372538,-77.1043783,GOODWIN HOUSE ALEXANDRIA,9.65,55.24,17,3,0,0,0,0,0,0,70.55,0,70.55,16.48,13.54,2.94,47,75,0.71,0.84,0.93,33,39,44,179,17
FPN495068,36.8654723,-76.3017158,SIGNATURE HEALTHCARE OF NORFOLK,4,47,2,2,0,0,26,12,2,0,52,32,84,36.76,27.92,8.84,60,154,0.6,0.62,0.64,36,37,38,167,38
FPN495071,37.1469752,-76.5074528,THE GARDENS AT WARWICK FOREST,0,42,2,2,0,0,44,2,2,0,43,45,88,25.16,16.58,8.58,90,186,0.63,0.76,0.86,57,68,78,270,24
FPN495077,37.4126168,-79.1758838,PROMEDICA SKILLED NURSING AND REHAB (LYNCHBURG),4.31,43,13,3,0,0,0,0,0,0,51.64,0,51.64,16.59,16.56,0.03,38,91,0.81,0.83,0.87,31,32,33,132,16
FPN495079,37.3842377,-77.5073957,HEALTH CARE CENTER LUCY CORR,6.2,54.25,20,2,0,0,0,0,0,0,70.45,0,70.45,12.48,10.48,2.01,87,205,0.74,0.86,0.92,64,75,80,276,14
FPN495085,37.3075884,-77.2888621,RIVER VIEW ON THE APPOMATTOX HEALTH & REHAB CENTER,13,299,4,2,0,0,0,0,0,0,314,0,314,12.66,8.86,3.8,48,113,0.81,0.86,0.93,39,41,44,190,15
FPN495086,36.8681065,-76.0294435,BAY POINTE REHABILITATION AND NURSING,5.14,35.71,7,2,0,0,0,0,0,0,44.36,0,44.36,23.7,16.55,7.14,58,86,0.67,0.75,0.78,39,43,45,200,26
FPN495087,37.2777275,-80.0219709,SALEM HEALTH & REHABILITATION,17.52,58.05,21,2,0,0,0,0,0,0,86.07,0,86.07,21.14,21.14,0,72,214,0.77,0.78,0.79,56,56,57,258,22
FPN495092,37.3221986,-79.9435436,FRIENDSHIP HEALTH AND REHAB CENTER,16.29,45,14,2,0,0,0,0,0,0,68.29,0,68.29,18.78,18.78,0,97,229,0.77,0.79,0.82,74,76,79,277,22
FPN495093,38.438652,-78.8565777,HARRISONBURG HLTH & REHAB CNTR,4.52,37.43,23,3,0,8,33,1,3,0,49.62,41.33,90.96,19.63,19.61,0.02,63,167,0.72,0.79,0.85,46,50,54,237,21
FPN495096,37.5975427,-77.4618146,WESTMINSTER-CANTERBURY OF RICHMOND,6.36,64.55,22,2,0,0,0,0,0,0,81.91,0,81.91,17.07,15.24,1.83,79,139,0.77,0.82,0.88,61,65,69,267,18
FPN495097,37.6394048,-77.4934091,PARHAM HEALTH CARE & REHAB CEN,4.57,41,14,1,0,0,0,0,0,0,59.57,0,59.57,16.3,14.04,2.26,69,168,0.74,0.82,0.87,51,57,60,261,17
FPN495099,38.8483715,-77.3158847,FAIRFAX REHABILITATION AND NURSING CENTER,6,181,8,2,0,0,0,0,0,0,191,0,191,11.58,10.88,0.7,116,183,0.85,0.88,0.91,98,103,105,281,11
FPN495102,38.8601875,-77.1295057,PROMEDICA SKILLED NURSING AND REHAB (ARLINGTON),7.43,57.71,14,2,0,0,0,0,0,0,72.14,0,72.14,15.54,13.96,1.58,63,139,0.73,0.84,0.87,46,53,55,248,16
FPN495105,37.3682936,-79.1813942,LYNCHBURG HEALTH & REHABILITATION  CENTER,14.33,59.17,12,3,1,14,113,2,3,1,78.5,128.67,207.17,19.53,19.53,0,61,156,0.72,0.77,0.81,44,47,49,222,23
FPN495107,36.6050402,-79.4106476,PINEY FOREST HEALTH AND REHABILITATION CENTER,14.67,49,3,1,0,0,0,0,0,0,66.67,0,66.67,28.65,28.65,0,45,113,0.71,0.71,0.71,32,32,32,133,29
FPN495108,36.7438135,-76.2473688,CHESAPEAKE HEALTH AND REHABILITATION CENTER,4,55,4,2,0,0,44,9,2,0,61,48.5,109.5,30.2,24.05,6.15,68,173,0.62,0.72,0.83,42,49,57,231,28
FPN495109,37.6280934,-77.5707413,THE LAURELS OF UNIVERSITY PARK,7.73,54.6,15,3,0,0,44,2,3,0,67.33,44.67,112,16.81,14.87,1.95,59,136,0.7,0.83,0.9,41,49,53,232,17
FPN495112,37.402664,-79.1418005,GUGGENHEIMER HEALTH AND REHAB CENTER,13.45,46.09,11,2,0,0,0,0,0,0,65.05,0,65.05,17.25,17.25,0,58,88,0.81,0.83,0.84,47,48,49,227,17
FPN495113,37.2159112,-77.450127,HIRAM W DAVIS MEDICAL CTR,4.57,147.86,7,2,0,0,0,0,0,0,155.93,0,155.93,16.44,14.72,1.72,64,49,0.75,0.82,0.87,48,53,56,249,17
FPN495114,38.8583491,-77.057121,"REGENCY CARE OF ARLINGTON, LLC",5.78,37.44,9,2,0,0,0,0,0,0,47.72,0,47.72,22.69,18.32,4.37,68,176,0.6,0.79,0.94,41,54,64,252,21
FPN495115,37.2645177,-77.398874,COLONIAL HEIGHTS REHABILITATION AND NURSING CENTER,7.2,70,5,1,0,0,0,0,0,0,82.2,0,82.2,21.98,16.83,5.15,68,152,0.72,0.77,0.79,49,52,54,243,24
FPN495117,36.8669264,-76.2062659,LAKE TAYLOR HOSP,4,50,2,2,0,0,45,8,2,0,55,49,104,24.91,18.27,6.64,100,160,0.59,0.74,0.82,59,74,82,274,26
FPN495118,36.9940323,-79.9028606,ROCKY MOUNT HEALTH & REHAB CENTER,20,74.56,27,2,0,0,0,0,0,0,108.06,0,108.06,13.37,13.37,0,41,109,0.74,0.83,0.88,30,34,36,146,17
FPN495120,37.450515,-79.191268,WESTMINSTER-CANTERBURY OF LYNCHBURG INC,6.67,49.67,9,3,0,0,0,0,0,0,59.33,0,59.33,16.61,16.61,0,60,72,0.81,0.84,0.87,49,51,52,242,15
FPN495121,38.8957466,-77.1059967,CHERRYDALE HEALTH AND REHABILITATION CENTER,4,33.75,4,2,0,0,0,0,0,0,39.75,0,39.75,18.59,16.16,2.44,64,164,0.69,0.86,0.93,44,55,60,256,14
FPN495123,37.2643466,-77.3249492,WONDER CITY REHABILITATION AND NURSING CENTER,4,29,2,2,0,0,0,0,0,0,34,0,34,14.16,10.84,3.32,37,89,0.78,0.85,0.88,29,31,33,125,16
FPN495126,36.6577872,-80.9291117,WADDELL NURSING AND REHAB CENTER,10.86,58.64,14,3,0,0,0,0,0,0,74.17,0,74.17,17.6,17.6,0,55,128,0.77,0.79,0.83,42,44,45,206,20
FPN495127,36.9109468,-76.0799365,WESTMINSTER-CANTERBURY ON CHESAPEAKE BAY,0,0,0,0,0,0,0,0,0,0,0,0,0,33.25,25.02,8.22,65,90,0.67,0.67,0.67,43,43,43,201,34
FPN495131,36.5961909,-82.218724,"NHC HEALTHCARE, BRISTOL",15,290.25,4,2,0,0,0,0,0,0,307.25,0,307.25,10.21,10.21,0,53,107,0.82,0.88,0.94,43,47,50,223,11
FPN495133,36.8029975,-81.6756611,VALLEY REHABILITATION AND NURSING CENTER,12.62,52.69,13,3,0,0,0,0,0,0,69.64,0,69.64,18.12,18.12,0,64,161,0.81,0.82,0.82,52,52,52,244,19
FPN495134,36.7189846,-82.795995,RIDGECREST MANOR NURSING & REHABILITATION,0,0,0,0,0,0,0,0,0,0,0,0,0,20.79,20.79,0,48,108,0.79,0.79,0.79,38,38,38,174,21
FPN495135,36.8760845,-82.7524975,HERITAGE HALL BIG STONE GAP,8,49,7,3,0,0,0,0,0,0,59.33,0,59.33,17.37,17.37,0,68,170,0.79,0.82,0.87,54,56,59,259,18
FPN495139,38.6478424,-78.6637146,LIFE CARE CENTER OF NEW MARKET,4.33,52,12,3,0,0,37.5,4,3,0,60.33,38.83,99.17,28.19,28.19,0,42,107,0.68,0.72,0.77,29,30,32,116,29
FPN495140,39.1471788,-77.9797091,ROSE HILL HEALTH AND REHAB,4.4,39.6,10,3,0,0,29,2,3,0,47.33,29.67,77,23.27,23.27,0,34,113,0.75,0.76,0.77,25,26,26,86,24
FPN495141,37.816061,-79.8045904,ALLEGHANY HEALTH AND REHAB,17.09,38.18,11,3,0,0,0,0,0,0,58.94,0,58.94,23.39,23.39,0,36,94,0.76,0.77,0.78,27,28,28,101,22
FPN495142,39.1721585,-78.1634797,EVERGREEN HEALTH AND REHAB,5,26.44,16,2,0,0,42,15,2,0,39.44,49.5,88.94,17.38,17.38,0,44,133,0.77,0.82,0.85,34,36,37,157,18
FPN495143,36.670158,-79.8400299,MARTINSVILLE HEALTH AND REHAB,18.67,45.5,12,2,0,0,0,0,0,0,70.17,0,70.17,20.04,20.04,0,44,113,0.72,0.82,0.93,32,36,41,158,18
FPN495144,37.2074924,-77.3818773,PETERSBURG HEALTHCARE CENTER,0,0,0,0,0,0,0,0,0,0,0,0,0,15.1,12.18,2.91,45,113,0.79,0.85,0.93,35,38,42,175,16
FPN495146,38.4358653,-78.8855446,CHOICE HEALTHCARE AT HARRISONBURG,4.21,27.68,19,3,0,0,0,0,0,0,38.23,0,38.23,20.78,20.78,0,34,103,0.77,0.79,0.8,26,27,27,92,21
FPN495147,38.0682442,-78.9267911,CHOICE HEALTHCARE AT WAYNESBORO,20,34.57,7,3,0,0,0,0,0,0,56.9,0,56.9,21.32,21.32,0,37,106,0.77,0.79,0.81,29,29,30,105,22
FPN495149,36.8375748,-76.3094068,PORTSMOUTH HEALTH AND REHAB,5.71,36.57,7,2,0,0,30,1,2,0,45.79,30.5,76.29,25.62,18.2,7.42,41,105,0.6,0.74,0.81,25,30,33,117,27
FPN495150,36.8418015,-76.1081088,BIRCHWOOD PARK REHABILITATION,5.6,38.6,5,3,0,0,37,18,3,0,45.87,43,88.87,24.26,17.81,6.45,49,124,0.67,0.75,0.79,33,37,39,168,24
FPN495151,37.4129712,-79.1824081,CHOICE HEALTHCARE AT LYNCHBURG,17.33,48,12,3,0,0,0,0,0,0,69.33,0,69.33,16.91,16.91,0,42,105,0.81,0.83,0.87,34,35,36,151,17
FPN495152,37.1234116,-81.4911403,HERITAGE HALL TAZEWELL,20,30,1,2,0,0,0,0,0,0,50.5,0,50.5,30.97,30.97,0,66,140,0.65,0.67,0.7,43,44,46,207,33
FPN495153,38.0569121,-78.4996313,CEDARS HEALTHCARE CENTER,13.82,43,11,3,0,0,0,0,0,0,60.48,0,60.48,14.68,14.67,0.02,57,132,0.76,0.85,0.92,43,48,53,228,16
FPN495155,38.8371362,-77.1753867,ANNANDALE  HEALTHCARE CENTER,11.43,57,14,2,0,0,34,10,2,0,75.43,39,114.43,12.76,11.24,1.52,85,203,0.78,0.87,0.92,66,74,78,275,13
FPN495156,37.2591593,-79.9482555,CHOICE HEALTHCARE AT ROANOKE,15.43,79.76,21,3,0,0,0,0,0,0,102.19,0,102.19,15.04,15.04,0,33,79,0.78,0.84,0.9,26,28,30,102,15
FPN495157,36.6920412,-76.9375687,SOUTHAMPTON MEMORIAL HOSP,4,38,3,2,0,0,0,0,0,0,43.5,0,43.5,20.96,18.21,2.75,51,106,0.74,0.77,0.81,38,39,41,180,24
FPN495160,37.6753605,-76.4014375,RAPPAHANNOCK WESTMINSTER CANTERBURY,4,15,2,3,0,0,0,0,0,0,19.67,0,19.67,42.82,19.24,23.58,24,38,0.34,0.5,0.7,8,12,17,9,50
FPN495165,39.2004119,-78.1748797,SHENANDOAH VLY WESTMINSTER-CANTERBURY,4.44,102.56,18,3,0,0,39,1,3,0,113,39.33,152.33,16.81,16.8,0.02,32,48,0.72,0.82,0.9,23,26,29,87,19
FPN495166,36.5781752,-79.4013247,STRATFORD HEALTHCARE CENTER,20,45.5,12,3,0,0,0,0,0,0,69.5,0,69.5,24.15,24.15,0,19,52,0.71,0.79,0.9,14,15,17,22,21
FPN495167,36.9546968,-81.0970348,WYTHE CNTY COMMUNITY HOSP ECU,0,0,0,0,0,0,0,0,0,0,0,0,0,17.19,17.19,0,3,3,0.82,0.83,0.83,2,2,2,1,33
FPN495168,37.7506643,-79.3513547,SHENANDOAH VALLEY HEALTH AND REHAB,12.4,21.1,10,3,0,0,0,0,0,0,36.83,0,36.83,19.17,19.17,0,31,81,0.75,0.8,0.87,23,25,27,79,19
FPN495171,38.8507482,-77.1205162,GOODWIN HOUSE BAILEY'S CROSSROADS,16.44,83,9,3,0,0,35,1,3,0,102.44,35.33,137.78,15.98,14.35,1.63,45,67,0.78,0.83,0.85,35,37,38,169,18
FPN495173,36.8366959,-76.1945745,WATERSIDE HEALTH & REHAB CENTER,12,48,10,2,0,0,45,2,2,0,65,46,111,27.51,20.8,6.71,55,87,0.64,0.69,0.74,35,38,41,176,31
FPN495174,38.9269836,-77.4163166,DULLES HEALTH & REHAB CENTER,11,80.25,12,2,0,0,0,0,0,0,97.25,0,97.25,12.82,11.23,1.59,83,152,0.76,0.87,0.94,63,72,78,272,13
FPN495177,36.7340166,-78.1335044,COMMUNITY MEMORIAL HOSPITAL HUNDLEY CENTER,14.77,45.69,13,3,0,0,0,0,0,0,64.79,0,64.79,8.18,8.18,0,49,89,0.83,0.92,0.96,41,45,47,213,8
FPN495178,38.0839998,-78.482165,CHARLOTTESVILLE HEALTH & REHABILITATION CENTER,20,42,4,2,0,0,0,0,0,0,64,0,64,15.34,14.76,0.58,34,95,0.71,0.84,0.94,24,29,32,106,15
FPN495179,39.0232856,-77.3899499,POTOMAC FALLS HEALTH & REHAB CENTER,6.67,62.67,6,2,0,0,0,0,0,0,72.33,0,72.33,13.44,13.08,0.36,63,146,0.78,0.88,0.94,49,55,59,257,13
FPN495181,37.0923143,-81.7782029,CLINCH VALLEY MEDICAL CENTER,16,49.67,3,3,0,0,0,0,0,0,66.67,0,66.67,31.81,31.81,0,10,10,0.54,0.67,0.72,5,7,7,2,30
FPN495183,37.462058,-77.664205,THE HAVEN AT BRANDERMILL WOODS,2.93,92.07,15,2,0,0,0,0,0,0,102.5,0,102.5,14.02,12.51,1.52,32,54,0.78,0.86,0.91,25,27,29,93,16
FPN495184,37.247009,-76.72486,WOODHAVEN HALL AT WILLIAMSBURG LANDING,4,131,1,2,0,0,0,0,0,0,135.5,0,135.5,26.51,11.74,14.77,38,53,0.62,0.73,0.8,24,28,30,103,26
FPN495185,37.0394732,-77.0790208,WAVERLY REHABILITATION AND HEALTHCARE CENTER,10.4,44,5,2,0,0,21,8,2,0,56.9,25,81.9,19.41,15.16,4.25,40,105,0.69,0.8,0.92,28,32,37,134,20
FPN495186,36.8067351,-76.216407,BETH SHOLOM HOME OF EASTERN VI,6.18,97,11,2,0,0,38.6,10,2,0,108.68,43.6,152.28,24.98,18.28,6.7,68,99,0.63,0.73,0.8,43,49,55,233,28
FPN495187,36.7607386,-80.7314027,HILLSVILLE HEALTH & REHAB CENTER,0,0,0,0,0,0,0,0,0,0,0,0,0,16.98,16.98,0,23,54,0.79,0.82,0.83,18,19,19,46,17
FPN495188,37.3466006,-78.8253899,APPOMATTOX HEALTH & REHABILITATON CENTER,13.33,69.67,9,2,0,0,0,0,0,0,87.5,0,87.5,13.24,13.24,0,22,55,0.81,0.85,0.88,18,19,19,47,14
FPN495189,37.1630835,-76.4606882,REGENCY HEALTH AND REHABILITATION CENTER,8,24,4,2,0,14,39,4,2,0,34,55,89,31.34,17.35,13.99,24,55,0.62,0.7,0.86,15,17,21,33,29
FPN495190,37.2415538,-76.7656404,CONSULATE HEALTHCARE OF WILLIAMSBURG,6.4,35,5,2,0,0,0,0,0,0,43.9,0,43.9,23.01,12.17,10.83,34,85,0.68,0.74,0.84,23,25,29,80,26
FPN495191,37.1781208,-81.146071,BLAND COUNTY NURSING & REHABILITATION CENTER,13.45,62,11,3,0,0,0,0,0,0,79.12,0,79.12,17.25,17.25,0,23,52,0.78,0.82,0.85,18,19,20,48,17
FPN495192,36.764874,-77.8365048,"ENVOY OF LAWRENCEVILLE, LLC",5.44,101.84,25,2,0,0,0,0,0,0,119.78,0,119.78,11.66,11.17,0.49,25,69,0.74,0.82,0.9,18,21,22,62,16
FPN495193,37.5416773,-77.3102304,HENRICO HEALTH & REHABILITATION CENTER,4.57,75,14,2,0,0,37.67,6,2,0,86.57,40.67,127.24,17.27,14.62,2.65,45,108,0.56,0.78,0.87,25,35,39,152,22
FPN495194,36.8247038,-76.3464571,AUTUMN CARE OF PORTSMOUTH,6.77,53.31,13,2,0,0,44.45,11,2,0,66.58,49.95,116.53,23.7,16.89,6.82,42,102,0.62,0.76,0.92,26,32,39,135,24
FPN495196,37.1239186,-79.2880558,AUTUMN CARE OF ALTAVISTA,10.67,46.92,12,3,0,0,0,0,0,0,61.58,0,61.58,17.01,17.01,0,40,107,0.74,0.81,0.86,29,32,34,136,20
FPN495197,38.7106857,-77.1899871,BELVOIR WOODS HEALTH CARE CENTER AT THE FAIRFAX,6,64.67,12,3,0,0,31,2,3,0,74.67,31.67,106.33,18.65,14.35,4.3,24,48,0.71,0.78,0.83,17,19,20,49,21
FPN495199,36.7001161,-77.540946,GREENSVILLE HEALTH AND REHABILITATION CENTER,7,73.3,20,2,0,0,0,0,0,0,90.3,0,90.3,13.43,13.17,0.27,24,61,0.75,0.84,0.89,18,20,21,57,17
FPN495200,37.2409306,-81.2441924,WESTWOOD CENTER,5.14,46.43,7,3,0,0,0,0,0,0,53.9,0,53.9,35.47,35.47,0,23,57,0.65,0.65,0.65,15,15,15,23,35
FPN495201,36.7990814,-76.3647477,PORTSIDE HEALTH & REHAB CENTER,8,77,4,2,0,0,0,0,0,0,87,0,87,19.49,14.16,5.33,41,73,0.66,0.8,0.89,27,33,36,141,20
FPN495202,36.9514119,-79.3732184,GRETNA HEALTH AND REHABILITATION CENTER,20,15.67,6,3,0,0,0,0,0,0,37.67,0,37.67,19.3,19.3,0,38,86,0.72,0.8,0.84,27,30,32,118,21
FPN495203,38.8268388,-77.0754573,"ENVOY OF ALEXANDRIA, LLC",6.91,70,11,2,0,0,0,0,0,0,82.41,0,82.41,14.87,12.11,2.76,42,101,0.72,0.86,0.95,30,36,40,159,14
FPN495204,37.145848,-76.509433,OLD DOMINION REHABILITATION AND NURSING,8,36,2,1,0,0,42,13,1,0,46,55,101,23.19,15.48,7.71,41,83,0.56,0.76,0.87,23,31,36,126,24
FPN495205,38.8894987,-77.2218787,AUGUST HEALTHCARE AT ILIFF,4,53,2,2,0,0,0,0,0,0,58,0,58,13.98,12.42,1.57,66,102,0.76,0.85,0.94,50,56,62,260,15
FPN495206,36.8636972,-76.4273166,NORTHERN CARDINAL REHABILITATION AND NURSING,9.33,47.67,12,2,0,0,59,6,2,0,63,62,125,21.42,14.88,6.53,51,93,0.66,0.76,0.86,34,39,44,181,24
FPN495207,36.9864914,-79.8869509,FRANKLIN HEALTH AND REHABILITATION CENTER,11.67,78.17,12,2,0,0,0,0,0,0,95.83,0,95.83,13.16,13.16,0,44,111,0.74,0.85,0.88,33,37,39,170,16
FPN495209,37.2629378,-79.9784557,RALEIGH COURT HEALTH AND REHABILITATION CENTER,10.67,46,15,2,0,0,0,0,0,0,64.17,0,64.17,15.97,15.61,0.36,44,110,0.64,0.81,0.88,28,36,39,160,18
FPN495210,36.8565415,-76.2745904,NORFOLK HEALTH AND REHABILITATION CENTER,8.8,48.6,10,2,0,1.67,36.92,12,2,0,62.4,44.58,106.98,34.96,28.37,6.59,54,148,0.6,0.64,0.66,32,35,35,153,35
FPN495211,38.736375,-77.0778068,MOUNT VERNON HEALTHCARE CENTER,4,89,4,2,0,0,0,0,0,0,95,0,95,18.61,14.88,3.73,55,117,0.7,0.8,0.86,39,44,47,208,20
FPN495213,36.8720388,-76.1329919,BAYSIDE HEALTH & REHABILITATION CENTER,0,0,0,0,0,0,0,0,0,0,0,0,0,23.86,17.86,5.99,22,56,0.65,0.77,0.87,14,17,19,34,23
FPN495214,38.094358,-78.986591,AUGUSTA MEDICAL CTR SKILLED CA,20,26,1,3,0,0,0,0,0,0,46.33,0,46.33,21.14,21.14,0,11,16,0.75,0.78,0.8,8,9,9,3,18
FPN495215,36.7492588,-76.2388596,"OAK GROVE HEALTH & REHAB CENTER, LLC",0,0,0,0,0,0,0,0,0,0,0,0,0,31.67,25.39,6.28,55,100,0.62,0.7,0.81,34,39,45,182,29
FPN495216,36.7335439,-79.9576967,STANLEYTOWN HEALTH AND REHABILITATION CENTER,13.41,52.24,17,3,0,0,0,0,0,0,71.31,0,71.31,27.3,27.3,0,50,103,0.73,0.73,0.73,36,36,36,161,28
FPN495217,38.8722303,-77.3791518,PROMEDICA SKILLED NURSING AND REHAB (FAIR OAKS),9,51.67,12,3,0,0,0,0,0,0,64.67,0,64.67,11.55,10.86,0.69,54,131,0.78,0.88,0.94,42,47,51,224,13
FPN495218,37.5222777,-79.8796239,BRIAN CENTER HEALTH AND REHABILITATION,13.23,38.77,13,3,0,0,0,0,0,0,56.33,0,56.33,15.97,15.97,0,28,52,0.78,0.83,0.89,22,23,25,69,18
FPN495220,37.9993993,-79.831587,THE SPRINGS NURSING CENTER,14.57,55.07,14,3,0,0,29,8,3,0,74.31,31.67,105.98,23.7,23.7,0,18,50,0.75,0.76,0.76,14,14,14,17,22
FPN495221,37.79187,-79.8815,THE BRIAN CENTER,20,48,3,3,0,0,0,0,0,0,69,0,69,22.88,22.88,0,30,66,0.75,0.77,0.78,23,23,23,70,23
FPN495225,38.0277011,-78.4371229,WESTMINSTER CANTERBURY BLUE RI,20,56,16,3,0,0,0,0,0,0,81.33,0,81.33,15.98,15.81,0.17,15,21,0.76,0.82,0.86,11,12,13,10,20
FPN495226,37.0360296,-78.474859,WAYLAND NURSING AND REHABILITATION CENTER,7.27,53.95,22,3,0,0.8,42,10,3,0,68.56,46.13,114.69,14.64,14.64,0,21,49,0.81,0.84,0.88,17,18,18,39,14
FPN495227,37.6058278,-77.53319,WESTPORT REHABILITATION AND NURSING CENTER,4,21.29,7,3,0,1,35.25,4,3,0,27.62,37.58,65.2,12.45,11.26,1.19,83,163,0.79,0.87,0.92,65,73,76,273,12
FPN495230,37.7561802,-78.2653678,ENVOY AT THE VILLAGE,13.23,41.46,13,3,1,0,27,16,3,1,60.03,33.33,93.36,9.66,9.15,0.51,20,55,0.66,0.85,0.94,13,17,19,35,15
FPN495232,36.8023893,-76.1826758,KEMPSVILLE HEALTH & REHAB CENTER,4,21,2,2,0,0,0,0,0,0,26,0,26,21.49,16.18,5.3,36,85,0.63,0.79,0.91,23,28,33,104,22
FPN495233,38.7146186,-77.8103703,FAUQUIER HEALTH REHABILITATION & NURSING CENTER,5,50,16,3,0,0,0,0,0,0,60.33,0,60.33,17.29,15.67,1.62,36,84,0.7,0.8,0.87,25,29,31,107,19
FPN495234,36.8623384,-76.1706178,CYPRESS POINTE REHABILITATION AND NURSING,4,44,1,2,1,0,42,1,2,1,49.5,43.5,93,20.36,15.14,5.23,33,87,0.68,0.81,0.9,22,27,30,94,18
FPN495235,37.279696,-76.722338,"ENVOY OF WILLIAMSBURG, LLC",9.71,62.43,21,3,0,2.5,45,8,3,0,79.14,50.17,129.31,20.01,11.17,8.84,46,101,0.48,0.76,0.95,22,35,44,154,24
FPN495236,37.7441017,-77.9282724,ENVOY AT THE MEADOWS,5.09,50.64,11,3,0,0,40,6,3,0,59.39,42,101.39,13.42,11.81,1.61,27,77,0.68,0.85,0.93,18,23,25,71,15
FPN495237,36.8675662,-76.027035,VIRGINIA BEACH HEALTHCARE AND REHAB CENTER,11.27,126.36,11,2,0,0,0,0,0,0,143.14,0,143.14,25,18.23,6.77,64,169,0.61,0.73,0.83,39,47,53,225,27
FPN495240,38.290287,-77.5254589,FREDERICKSBURG HEALTH AND REHAB,6.82,51.53,17,3,0,0,31,2,3,0,64.02,31.67,95.69,13.91,12.06,1.84,47,115,0.67,0.84,0.93,32,39,44,183,17
FPN495241,36.8390769,-76.1184536,THALIA GARDENS REHABILITATION AND NURSING,7.06,36.29,17,2,0,0,18,19,2,0,51.85,27.5,79.35,25.01,17.6,7.4,44,113,0.61,0.74,0.79,27,32,35,137,27
FPN495242,37.0419622,-78.9325147,HERITAGE HALL - BROOKNEAL,11,46,4,2,0,0,42,2,2,0,59,43,102,15.93,15.93,0,21,55,0.76,0.86,0.91,16,18,19,40,14
FPN495243,38.1577289,-79.0603567,"ENVOY OF STAUNTON, LLC",20,46.25,4,2,0,0,0,0,0,0,68.25,0,68.25,20.61,20.61,0,57,159,0.78,0.8,0.83,45,46,47,216,19
FPN495244,38.3782434,-78.2570842,AUTUMN CARE OF MADISON,9.78,80.83,18,3,0,0,26,1,3,0,96.61,26.33,122.94,26.36,26.17,0.19,34,76,0.69,0.72,0.75,23,24,25,74,29
FPN495246,38.3014764,-77.4512388,WOODMONT CENTER,0,0,0,0,0,0,36,1,2,0,0,36.5,36.5,18.93,13.66,5.27,37,100,0.6,0.78,0.85,22,29,31,108,22
FPN495247,36.739006,-76.5865973,NANS POINTE REHABILITATION AND NURSING,4,43,7,1,0,0,35,3,1,0,54,38,92,20.06,13.35,6.71,61,131,0.61,0.78,0.88,37,47,54,226,23
FPN495248,38.7858817,-77.2807872,BURKE HEALTH & REHABILITATION CENTER,4,29,5,2,0,0,0,0,0,0,35.5,0,35.5,11.78,10.46,1.31,55,112,0.76,0.87,0.91,42,48,50,229,13
FPN495249,37.2797323,-78.3858669,FARMVILLE HEALTH & REHAB CENTER,11.3,46,23,3,0,4.21,36.05,19,3,0,64.97,46.6,111.57,13.06,13.06,0,44,111,0.81,0.85,0.88,36,38,39,177,14
FPN495250,36.6799917,-80.9112251,GALAX HEALTH AND REHAB,14.67,53,6,2,0,0,0,0,0,0,70.67,0,70.67,17.02,17.02,0,34,97,0.83,0.85,0.86,28,29,29,109,15
FPN495252,37.1888637,-77.3760018,BATTLEFIELD PARK HEALTHCARE CENTER,5.71,54.43,7,3,1,2.67,36.67,3,3,1,63.48,41.33,104.81,15.87,13.25,2.63,49,110,0.76,0.85,0.93,37,42,46,196,14
FPN495253,36.8681786,-76.2249651,AUTUMN CARE OF NORFOLK,10,73.38,8,2,0,0,38.67,6,2,0,87.38,41.67,129.04,25.97,19.43,6.55,47,112,0.61,0.72,0.81,29,34,38,147,28
FPN495254,38.061374,-78.5144366,COLONNADES HEALTH CARE CENTER,15.43,100,7,3,0,0,0,0,0,0,117.76,0,117.76,14.08,14.08,0,16,25,0.79,0.85,0.92,13,14,15,18,12
FPN495255,38.6626516,-78.4731076,SKYVIEW SPRINGS REHAB AND NURSING CENTER,4,43,15,3,0,0,34,25,3,0,52,42.33,94.33,28.56,28.56,0,41,115,0.71,0.71,0.71,29,29,29,110,29
FPN495256,36.741053,-76.2003348,AUTUMN CARE OF CHESAPEAKE,20,39,2,2,0,0,0,0,0,0,60,0,60,25.93,20.37,5.56,49,108,0.65,0.74,0.85,32,36,42,162,27
FPN495257,37.5216408,-77.6155652,THE LAURELS OF WILLOW CREEK,6.8,62,10,2,0,0,0,0,0,0,73.8,0,73.8,12.45,10.57,1.88,48,110,0.83,0.87,0.9,40,42,43,197,12
FPN495258,36.7659807,-76.5983508,AUTUMN CARE OF SUFFOLK,12.15,76.04,27,3,1,0,32.83,12,3,1,98.19,37.83,136.02,17.12,11.21,5.9,39,108,0.66,0.81,0.88,26,32,34,138,18
FPN495259,37.2990439,-82.0579305,HERITAGE HALL GRUNDY,8,51,5,2,0,0,0,0,0,0,61.5,0,61.5,47.02,47.02,0,49,112,0.53,0.53,0.53,26,26,26,88,47
FPN495260,37.5055578,-77.5257031,BEAUFONT HEALTH AND REHABILITATION CENTER,6.22,38,9,1,0,0,0,0,0,0,53.22,0,53.22,16.72,13.8,2.92,45,107,0.63,0.82,0.9,28,37,40,171,18
FPN495261,39.1208912,-77.5713452,HERITAGE HALL LEESBURG,9.23,157.69,13,3,0,0,0,0,0,0,171.26,0,171.26,14.09,13.97,0.13,63,143,0.84,0.86,0.88,53,54,56,253,14
FPN495262,38.1025695,-78.9702732,SHENANDOAH NURSING HOME,20,25,1,3,0,0,0,0,0,0,45.33,0,45.33,20.77,20.77,0,24,56,0.78,0.79,0.8,19,19,19,50,21
FPN495264,37.1295515,-76.4034492,BAYSIDE OF POQUOSON HEALTH AND REHAB,6.5,61,8,3,0,0,48.67,9,3,0,70.17,51.67,121.83,40.65,16.5,24.15,21,55,0.51,0.58,0.63,11,12,13,11,43
FPN495266,37.6226811,-77.3426272,HANOVER HEALTH AND REHABILITATION CENTER,3.47,74.6,15,2,0,0,45,4,2,0,85.57,47,132.57,15.31,11.98,3.33,48,107,0.58,0.83,0.92,28,40,44,185,17
FPN495267,38.7324234,-77.798753,BROOKSIDE REHAB & NURSING CENTER,6.29,87.57,14,3,0,0,45,14,3,0,98.52,49.67,148.19,18.07,16.51,1.56,37,117,0.73,0.82,0.87,27,30,32,119,19
FPN495268,38.2649067,-76.9824427,WESTMORELAND REHABILITATION & HEALTHCARE CENTER,6,53,4,2,0,0,0,0,0,0,61,0,61,30.01,13.28,16.73,20,59,0.43,0.64,0.77,9,13,15,14,35
FPN495269,38.8812752,-77.1130095,THE JEFFERSON,4,29.14,7,3,0,0,42,1,3,0,35.48,42.33,77.81,15.6,13.69,1.91,18,26,0.68,0.86,0.99,12,15,18,24,17
FPN495270,36.8358139,-76.1029101,"ROSEMONT HEALTH & REHAB CENTER, LLC",5.33,61,3,2,0,0,41,6,2,0,67.83,44,111.83,25.55,19.18,6.36,41,96,0.65,0.72,0.78,27,30,32,120,27
FPN495272,37.6155522,-77.6368774,CANTERBURY REHABILITATION & HEALTH CARE CENTER,13.14,63.86,7,3,0,0,41,16,3,0,79.33,46.33,125.67,19.8,17.83,1.97,65,166,0.79,0.8,0.81,51,52,52,245,20
FPN495273,36.8814356,-76.2835951,CONSULATE HEALTH CARE OF NORFOLK,6,42,2,2,0,0,0,0,0,0,49,0,49,33.17,25.23,7.94,86,212,0.62,0.66,0.72,53,57,62,262,34
FPN495274,37.277894,-80.0118562,VIRGINIA VETERANS CARE CENTER,20,14,3,2,0,0,0,0,0,0,35.5,0,35.5,21.23,21.23,0,92,172,0.76,0.78,0.79,70,71,73,271,23
FPN495275,39.1202722,-77.5680489,LOUDOUN NURSING AND REHAB CNTR,6.67,31,6,2,0,0,0,0,0,0,40.67,0,40.67,14.82,14.78,0.04,54,91,0.77,0.85,0.89,42,46,48,217,15
FPN495276,37.4220664,-76.5434945,WALTER REED NURSING & REHABILITATION CENTER,4,25,1,2,0,20,42,3,2,0,29.5,63.5,93,39.34,18.92,20.42,54,145,0.34,0.54,0.69,18,29,37,111,46
FPN495277,37.4714481,-75.8606577,NASSAWADOX REHABILITATION AND NURSING,0,0,0,0,0,0,0,0,0,0,0,0,0,55.45,25.07,30.38,54,128,0.36,0.5,0.58,19,27,31,95,50
FPN495279,38.4593099,-78.0157036,CULPEPER HEALTH & REHABILITATION CENTER,8,94.5,12,3,0,0,0,0,0,0,106.5,0,106.5,27.14,27.1,0.04,67,167,0.72,0.73,0.73,48,49,49,234,27
FPN495280,38.6868005,-77.2768442,WESTMINSTER AT LAKE RIDGE,7.43,56,7,2,0,0,0,0,0,0,66.93,0,66.93,18.51,13.61,4.9,28,44,0.72,0.8,0.86,20,23,24,72,18
FPN495282,38.0204564,-78.004465,LOUISA HEALTH & REHABILITATION CENTER,0,0,0,0,0,0,36,2,2,0,0,37,37,13.55,13.43,0.12,32,79,0.73,0.85,0.94,23,27,30,96,16
FPN495283,37.5879723,-77.4690518,PROMEDICA SKILLED NURSING AND REHAB (IMPERIAL),4.44,36,9,3,0,0,35,2,3,0,43.44,35.67,79.11,18,15.03,2.97,40,97,0.62,0.81,0.91,25,33,37,142,18
FPN495286,37.0342424,-76.4554953,JAMES RIVER NURSING AND REHABILITATION CENTER,9.33,94.33,6,1,0,0,0,0,0,0,109.67,0,109.67,28.19,19.01,9.19,58,146,0.62,0.71,0.78,36,41,45,191,29
FPN495287,37.0524205,-76.396148,"HAMPTON HEALTH & REHAB CENTER, LLC",8,78,4,2,0,0,0,0,0,0,88,0,88,24.98,16.31,8.67,34,68,0.63,0.76,0.85,21,26,29,89,24
FPN495288,38.8381786,-77.1140883,THE FOUNTAINS AT WASHINGTON HOUSE,4,68,2,2,0,0,0,0,0,0,73,0,73,17.85,15.17,2.68,23,42,0.69,0.83,0.93,16,19,21,51,17
FPN495291,37.6120438,-77.6339239,BETH SHOLOM HOME OF VIRGINIA,7.84,46.04,25,3,0,8,45,5,3,0,62.21,54.67,116.88,19.64,17.54,2.11,51,93,0.78,0.79,0.81,40,41,41,192,20
FPN495293,37.2699619,-79.8855074,BERKSHIRE HEALTH & REHABILITATION CENTER,20,37.55,11,2,0,0,0,0,0,0,63.05,0,63.05,16.28,16.28,0,61,167,0.74,0.82,0.88,45,50,54,238,18
FPN495294,37.0692789,-80.7594602,PULASKI HLTH & REHAB CNTR,14,47.17,6,2,0,0,0,0,0,0,64.17,0,64.17,13.85,13.85,0,42,91,0.79,0.85,0.89,33,36,37,163,14
FPN495295,36.5959819,-79.4096362,RIVERSIDE HEALTH & REHAB CNTR,11,47.25,8,2,0,0,0,0,0,0,62.25,0,62.25,28.42,28.42,0,70,166,0.72,0.72,0.72,50,50,50,239,29
FPN495296,36.7082535,-77.0556368,COURTLAND REHABILITATION AND HEALTHCARE CENTER,4,38,1,3,0,0,40,2,3,0,42.33,40.67,83,25.58,20.93,4.66,34,81,0.72,0.73,0.75,25,25,26,81,26
FPN495297,38.0474669,-77.3559961,BOWLING GREEN HEALTH & REHABILITATION CENTER,9.09,27.64,11,2,0,0,0,0,0,0,42.23,0,42.23,15.43,10.65,4.78,42,111,0.58,0.81,0.92,24,34,38,148,19
FPN495299,37.6740201,-77.5215645,ELIZABETH ADAM CRUMP HEALTH AND REHAB,10,59.94,16,3,1,0,29.5,4,3,1,76.27,31.83,108.1,16.91,14.61,2.3,59,164,0.77,0.82,0.85,45,48,50,230,19
FPN495300,38.2761793,-77.1944349,HERITAGE HALL KING GEORGE,4,62,5,1,0,0,0,0,0,0,71,0,71,21.73,10.53,11.21,41,106,0.39,0.75,0.92,16,31,38,127,24
FPN495301,38.9485516,-78.2117876,HERITAGE HALL  FRONT ROYAL,4,146.5,8,3,0,0,0,0,0,0,153.17,0,153.17,26.43,26.43,0,23,56,0.69,0.76,0.81,16,17,19,36,26
FPN495302,37.4082834,-79.1758397,FOREST HEALTH & REHAB CENTER,11.14,48,14,3,0,0,0,0,0,0,63.81,0,63.81,16.39,16.39,0,23,77,0.74,0.82,0.87,17,19,20,52,17
FPN495303,37.5645032,-76.7995705,THREE RIVERS HEALTH & REHAB CENTER,4,79,3,2,0,0,0,0,0,0,84.5,0,84.5,35.78,15.31,20.47,24,53,0.53,0.58,0.65,13,14,16,19,42
FPN495305,37.0492778,-76.3963741,COLISEUM NURSING AND REHABILITATION CENTER,6,109,2,2,0,0,0,0,0,0,116,0,116,26.99,17.11,9.88,57,142,0.63,0.75,0.85,36,43,48,202,25
FPN495306,36.63747,-80.2600535,BLUE RIDGE THERAPY CONNECTION,17.71,195,7,2,0,0,0,0,0,0,216.21,0,216.21,23,23,0,67,154,0.73,0.75,0.77,49,50,52,240,25
FPN495308,37.0122814,-76.3639546,WATERVIEW HEALTH & REHAB CENTER,4,14,2,2,0,5.71,40.71,7,2,0,19,49.93,68.93,25.52,15.83,9.69,49,109,0.63,0.74,0.89,31,36,44,164,27
FPN495309,36.8900417,-76.2551987,NORVIEW HEIGHTS REHABILITATION AND NURSING,6.82,34.18,17,3,0,0,39,12,3,0,46.67,43,89.67,26.88,20.57,6.3,22,53,0.63,0.74,0.82,14,16,18,29,27
FPN495311,37.6550859,-77.6362602,OUR LADY OF HOPE HEALTH CENTER,6.08,149.88,25,3,0,0,0,0,0,0,164.29,0,164.29,15.88,13.53,2.34,17,71,0.72,0.82,0.88,12,14,15,20,18
FPN495312,39.0471187,-77.3763733,JOHNSON CNTR/FALCONS LANDING,7.08,62.85,13,2,0,0,0,0,0,0,76.42,0,76.42,15.65,15.6,0.05,32,49,0.84,0.84,0.85,27,27,27,97,16
FPN495315,38.8702541,-78.5145697,CONSULATE HEALTH CARE OF WOODSTOCK,6.48,63.19,21,3,0,0,36,1,3,0,76.67,36.33,113,29.58,29.58,0,26,78,0.7,0.7,0.7,18,18,18,41,31
FPN495316,38.9299903,-78.1981275,WARREN MEMORIAL HOSP LYNN CARE CENTER,4,24,6,3,0,0,0,0,0,0,30,0,30,31.28,31.28,0,59,117,0.68,0.68,0.69,40,40,41,186,32
FPN495317,37.5431529,-78.4655434,HERITAGE HALL DILLWYN,10.5,49,8,3,0,0,0,0,0,0,62.17,0,62.17,13.28,13.28,0,22,57,0.82,0.87,0.92,18,19,20,53,14
FPN495318,36.6981992,-78.9198516,BERRY HILL NURSING HOME,13.54,46.31,13,3,0,0,45,10,3,0,64.18,48.33,112.51,27.32,27.32,0,31,77,0.71,0.72,0.73,22,22,23,66,29
FPN495319,38.8630166,-77.2649854,THE VIRGINIAN,4,79.63,8,3,0,0,50,1,3,0,86.29,50.33,136.63,11.63,11.41,0.22,50,75,0.81,0.88,0.9,40,44,45,209,12
FPN495320,37.1580692,-82.4467598,HERITAGE HALL CLINTWOOD,16,28,4,2,0,0,0,0,0,0,46,0,46,19.38,19.38,0,31,94,0.71,0.76,0.81,22,24,25,75,23
FPN495321,37.7749658,-79.442523,HERITAGE HALL LEXINGTON,20,26.8,5,3,1,0,34,4,3,1,49.47,36.33,85.8,21.3,21.3,0,23,57,0.75,0.79,0.89,17,18,20,42,22
FPN495323,36.7203745,-80.4745841,HERITAGE HALL - LAUREL MEADOWS,8,64.2,5,3,0,0,0,0,0,0,73.87,0,73.87,21.92,21.84,0.08,23,55,0.74,0.76,0.78,17,18,18,43,22
FPN495324,36.7878356,-75.9824326,SEASIDE HHC @ ATLANTIC SHORE,8,52,1,2,0,0,0,0,0,0,60.5,0,60.5,25.62,18.3,7.32,25,41,0.64,0.74,0.83,16,18,21,44,28
FPN495325,37.2230005,-79.9596634,PHEASANT RIDGE NURSING & REHAB CENTER,15.79,121.89,19,3,0,0,0,0,0,0,144.02,0,144.02,15.99,15.99,0,37,93,0.79,0.84,0.87,29,31,32,128,16
FPN495326,38.0705945,-78.4946398,MONROE HEALTH & REHAB CENTER,16,47,6,2,0,0,0,0,0,0,66,0,66,13.59,13.53,0.06,52,146,0.74,0.85,0.97,38,44,50,210,15
FPN495327,37.5206394,-77.481266,ENVOY OF WESTOVER HILLS,8.14,106.79,58,3,0,0,40.25,8,3,0,134.26,42.92,177.18,17.86,15.52,2.34,65,147,0.64,0.81,0.86,41,52,56,246,20
FPN495328,37.9218951,-76.8706097,CARRINGTON PLACE OF TAPPAHANNOCK,8,23.33,6,2,0,0,0,0,0,0,34.33,0,34.33,41.02,12.42,28.6,21,53,0.34,0.48,0.62,7,10,13,5,52
FPN495330,36.7770761,-76.337181,GREENBRIER REGIONAL MEDICAL CENTER,9,113.75,8,2,0,0,45,25,2,0,126.75,57.5,184.25,25.51,19.88,5.63,43,110,0.66,0.74,0.79,28,32,34,139,26
FPN495331,36.6177629,-81.1535161,GRAYSON REHABILITATION  AND HEALTH CARE CENTER,0,0,0,0,0,0,0,0,0,0,0,0,0,14.21,14.21,0,43,109,0.79,0.85,0.88,34,36,38,165,16
FPN495332,36.9810474,-76.6078297,RIVERSIDE HEALTHY LIVING COMMUNITY-SMITHFIELD,12,55.62,13,2,0,0,31,1,2,0,74.12,31.5,105.62,20.91,12.74,8.17,17,27,0.71,0.79,0.9,12,13,15,15,24
FPN495333,37.1153379,-80.6831888,HIGHLAND RIDGE REHAB CENTER,20,69,3,3,0,0,0,0,0,0,90,0,90,12.03,12.03,0,61,110,0.8,0.88,0.98,49,54,60,254,11
FPN495334,37.7590896,-75.6229001,SHORE HEALTH & REHAB CENTER,60.12,42.21,33,3,0,0,45,13,3,0,113.33,49.33,162.67,38.95,16.91,22.03,47,102,0.38,0.58,0.75,18,27,35,98,43
FPN495336,38.0930549,-78.9939504,AUGUSTA NURSING & REHAB CENTER,20,44,4,3,0,0,0,0,0,0,65.33,0,65.33,21.03,21.03,0,41,97,0.75,0.78,0.8,31,32,33,140,22
FPN495337,38.8126368,-77.19147,AUGUST HEALTHCARE AT LEEWOOD,13.33,61,9,2,0,0,0,0,0,0,78.83,0,78.83,10.91,10.33,0.58,56,117,0.83,0.89,0.91,47,50,51,241,11
FPN495338,36.7206071,-81.9608544,CHOICE HEALTHCARE AT ABINGDON,20,52,3,2,0,0,0,0,0,0,73.5,0,73.5,10.77,10.77,0,39,85,0.79,0.86,0.9,31,34,35,149,13
FPN495339,37.3074353,-78.4212785,HOLLY MANOR NURSING HOME,10.95,51.63,19,3,0,0,45,12,3,0,68.91,49,117.91,12.6,12.6,0,54,111,0.82,0.86,0.89,44,46,48,218,15
FPN495340,37.104087,-76.507581,NEWPORT NEWS NURSING & REHAB,5,54.25,4,2,0,0,0,0,0,0,61.25,0,61.25,25.98,15.04,10.94,35,93,0.61,0.74,0.83,21,26,29,90,26
FPN495342,37.1946409,-76.4881903,YORK NURSING & REHABILITATION  CENTER,9.33,48,3,2,0,0,0,0,0,0,58.83,0,58.83,30.58,17.15,13.43,31,75,0.62,0.67,0.72,19,21,22,63,32
FPN495343,38.2917679,-78.4378472,CHOICE HEALTHCARE AT GREENE COUNTY,4,17.29,7,3,0,0,18,3,3,0,23.62,19,42.62,20.88,20.88,0,35,81,0.73,0.76,0.8,26,27,28,99,23
FPN495344,38.1616863,-79.0699342,KINGS DAUGHTERS COMMUNITY HEALTH & REHAB,12,21,4,3,0,0,0,0,0,0,34.33,0,34.33,21.39,21.39,0,45,109,0.78,0.79,0.8,35,35,36,155,22
FPN495345,37.7145183,-76.383353,LANCASHIRE NURSING & REHABILITATION CENTER,0,0,0,0,0,0,0,0,0,0,0,0,0,54.64,24.09,30.55,26,79,0.34,0.5,0.69,9,13,18,16,50
FPN495347,36.8198944,-76.7483962,CONSULATE HEALTH CARE OF WINDSOR,9.23,42.46,13,2,0,0,40,2,2,0,58.19,41,99.19,19.83,12.82,7,38,109,0.7,0.79,0.89,27,30,34,121,21
FPN495348,36.9199817,-80.2992423,SKYLINE NURSING & REHABILITATION CENTER,0,0,0,0,0,0,0,0,0,0,0,0,0,13.67,13.67,0,30,75,0.78,0.83,0.87,23,25,26,82,17
FPN495349,36.9658371,-81.087452,CARRINGTON PLACE AT WYTHEVILLE - BIRDMONT CENTER,14.4,38.8,5,2,0,0,0,0,0,0,55.7,0,55.7,17.1,17.1,0,40,102,0.82,0.83,0.83,33,33,33,143,18
FPN495350,36.9675523,-82.5585264,HERITAGE HALL WISE,9,66,4,3,0,0,0,0,0,0,76.33,0,76.33,16.99,16.99,0,36,91,0.59,0.8,0.86,21,29,31,112,19
FPN495352,36.7503649,-83.0500971,LEE HEALTH AND REHAB CENTER,20,24,2,2,0,0,0,0,0,0,45,0,45,16.38,16.38,0,47,102,0.79,0.81,0.84,37,38,39,178,19
FPN495353,37.0710059,-78.003573,HERITAGE HALL BLACKSTONE,9.6,56,5,3,0,0,0,0,0,0,67.27,0,67.27,7.19,7.1,0.09,66,150,0.82,0.91,0.96,54,60,63,265,9
FPN495354,38.7660418,-77.2010382,GREENSPRING VILLAGE,5.6,56.3,10,3,0,20,41,2,3,0,65.23,61.67,126.9,12.13,11.05,1.08,56,78,0.79,0.87,0.9,44,49,51,235,12
FPN495355,37.1287521,-80.5692427,RADFORD HEALTH AND REHAB CENTER,0,0,0,0,0,0,0,0,0,0,0,0,0,12.39,12.39,0,40,72,0.79,0.86,0.91,32,34,36,150,15
FPN495356,37.1873278,-80.4081423,HERITAGE HALL BLACKSBURG,0,0,0,0,0,5.33,123,3,2,0,0,129.83,129.83,14.3,14.3,0,55,129,0.77,0.84,0.89,42,46,49,219,16
FPN495357,37.2782924,-79.9412254,OUR LADY OF THE VALLEY,13,44.8,20,3,0,0,40,6,3,0,64.47,42,106.47,15.66,15.66,0,30,60,0.78,0.83,0.86,23,25,26,83,17
FPN495358,37.3365134,-77.9847946,AMELIA REHABILITATION AND HEALTHCARE CENTER,12.67,67.17,6,3,0,0,45,19,3,0,81.83,51.33,133.17,6.13,6.08,0.06,39,96,0.88,0.92,0.95,34,36,37,166,8
FPN495359,38.2546278,-78.1176893,DOGWOOD VILLAGE OF ORANGE COUNTY HEALTH AND REHAB,4.75,53.5,16,3,0,0,0,0,0,0,63.58,0,63.58,20.15,20.14,0.01,74,140,0.73,0.78,0.84,54,58,62,263,22
FPN495360,37.8199448,-79.8143096,THE WOODLANDS HEALTH AND REHAB CENTER,13.6,30.8,10,3,0,0,0,0,0,0,47.73,0,47.73,23.55,23.55,0,21,52,0.76,0.76,0.76,16,16,16,30,24
FPN495361,38.6291872,-77.2752902,"ENVOY OF WOODBRIDGE, LLC",7.64,72.36,11,2,0,0,0,0,0,0,85.5,0,85.5,16.47,13.93,2.54,45,101,0.65,0.82,0.91,29,37,41,172,18
FPN495362,37.7677133,-77.4953806,ASHLAND NURSING AND REHABILITATION,5.82,36.91,11,2,0,0,0,0,0,0,48.23,0,48.23,14.85,13.5,1.35,64,166,0.77,0.83,0.87,49,53,56,250,17
FPN495363,37.5790334,-79.0378996,FAIRMONT CROSSING HEALTH AND REHAB CENTER,20,174,1,2,0,0,0,0,0,0,194.5,0,194.5,16.1,16.1,0,54,111,0.81,0.83,0.85,44,45,46,214,17
FPN495364,37.961846,-76.7744995,NORTHERN NECK SENIOR CARE COMMUNITY,0,0,0,0,0,0,0,0,0,0,0,0,0,44.24,18.15,26.08,35,70,0.42,0.51,0.58,15,18,20,45,49
FPN495365,36.9039921,-82.0580444,MAPLE GROVE HEALTH CARE CENTER,8,33,1,2,0,0,0,0,0,0,41.5,0,41.5,16.39,16.39,0,25,54,0.7,0.78,0.87,18,19,22,54,24
FPN495366,36.7877409,-76.6191584,"LAKE PRINCE WOODS, INC",6,19,2,2,0,0,0,0,0,0,26,0,26,18.71,13.1,5.61,19,26,0.63,0.8,0.92,12,15,17,25,21
FPN495367,37.0445028,-76.4328534,NORTHAMPTON NURSING AND REHABILITATION CENTER,4,89,3,2,0,20,42,2,2,0,94.5,63,157.5,29.6,19.02,10.58,30,67,0.53,0.71,0.83,16,21,25,64,30
FPN495368,37.0495204,-76.4759871,THE NEWPORT NURSING AND REHABILITATION CENTER,0,0,0,0,0,0,0,0,0,0,0,0,0,26.14,15.29,10.85,21,44,0.62,0.73,0.85,13,15,18,26,29
FPN495369,37.2558092,-76.8083012,THE CONVALESCENT CENTER AT PATRIOTS COLONY,6.67,47,6,3,0,0,0,0,0,0,55.67,0,55.67,22.38,11.29,11.09,23,45,0.62,0.74,0.84,14,17,19,37,26
FPN495370,38.3823867,-78.9700965,"BRIDGEWATER HOME , INC.",4,69.14,21,3,0,0,0,0,0,0,80.14,0,80.14,23.18,23.18,0,54,123,0.71,0.75,0.78,38,40,42,187,26
FPN495371,37.387595,-80.827312,HERITAGE HALL-RICH CREEK,0,0,0,0,0,0,0,0,0,0,0,0,0,22.06,22.06,0,52,117,0.78,0.78,0.78,41,41,41,193,21
FPN495372,36.7338101,-78.9225037,SOUTH BOSTON HEALTH & REHAB CENTER,10.67,45,9,3,0,0,0,0,0,0,58.67,0,58.67,27.36,27.36,0,85,205,0.71,0.72,0.73,61,61,62,266,28
FPN495373,37.2644521,-80.0137962,BRANDON OAKS NURSING AND REHABILITATION CENTER,13.5,107.54,24,3,0,0,0,0,0,0,129.04,0,129.04,16.01,16.01,0,29,53,0.78,0.82,0.85,23,24,25,76,17
FPN495374,36.9444704,-82.6254681,MOUNTAIN VIEW REGIONAL MEDICAL CENTER,8.8,26,5,2,0,0,0,0,0,0,37.3,0,37.3,17.3,17.3,0,19,33,0.79,0.82,0.83,15,16,16,31,16
FPN495375,36.6996704,-77.5375346,EMPORIA REHABILITATION AND HEALTHCARE CENTER,7.33,51.5,12,2,0,4,41,25,2,0,64.83,57.5,122.33,16.63,15.77,0.86,39,97,0.72,0.81,0.89,28,31,35,129,21
FPN495377,38.06897,-78.48225,THE LAURELS OF CHARLOTTESVILLE,20,97.13,8,2,0,0,0,0,0,0,121.13,0,121.13,14.41,14.41,0,48,111,0.78,0.85,0.9,38,41,43,194,15
FPN495378,37.2983614,-79.8896191,SPRINGTREE HEALTHCARE & REHAB CENTER,14.18,27.55,11,2,0,0,0,0,0,0,47.23,0,47.23,16.88,16.88,0,48,113,0.76,0.82,0.89,37,40,43,188,17
FPN495379,36.6225625,-78.5776625,CLARKSVILLE HEALTH & REHAB CENTER,10.33,52.17,12,2,0,4,41,1,2,0,68.5,45.5,114,24.21,24.21,0,59,122,0.75,0.84,0.92,45,49,54,236,17
FPN495380,36.8176155,-78.4704435,CHASE CITY HEALTH AND REHAB CENTER,8.57,40.29,7,3,0,0,0,0,0,0,51.19,0,51.19,9.84,9.84,0,49,113,0.77,0.88,0.93,38,43,46,203,12
FPN495381,37.3555429,-79.2415467,SUMMIT HEALTH AND REHAB CENTER,13.5,42.25,8,2,0,0,0,0,0,0,59.75,0,59.75,16.66,16.66,0,47,87,0.81,0.86,0.89,38,40,42,189,15
FPN495383,37.4154495,-76.5262879,"FRANCIS N SANDERS NURSING HOME, INC",4,63,10,3,0,0,0,0,0,0,70.33,0,70.33,33.76,16.96,16.8,29,46,0.62,0.65,0.69,18,19,20,55,34
FPN495384,36.8530156,-81.505892,FRANCIS MARION MANOR HEALTH & REHABILITATION,10,58.5,10,3,0,0,0,0,0,0,71.83,0,71.83,16.17,16.17,0,37,86,0.71,0.83,0.9,26,31,33,130,16
FPN495385,38.4745479,-78.872857,"VMRC, COMPLETE LIVING CARE",4.86,57.18,28,2,0,0,0,0,0,0,76.04,0,76.04,20.03,20.03,0,84,106,0.71,0.78,0.86,59,66,73,268,21
FPN495386,37.3928,-79.9126673,CARRINGTON PLACE AT BOTETOURT COMMONS,15.4,43.2,20,3,0,0,43.5,6,3,0,65.27,45.5,110.77,16.62,16.62,0,36,86,0.77,0.82,0.87,28,30,31,122,17
FPN495387,38.3978914,-78.8346367,SUNNYSIDE PRESBYTERIAN RETIREMENT COMMUNITY,4.42,32.84,19,3,0,0,0,0,0,0,43.6,0,43.6,20.1,20.1,0,38,76,0.71,0.78,0.82,27,30,31,123,21
FPN495388,38.8039587,-77.6053246,GAINESVILLE HEALTH AND REHAB CENTER,4,73,1,3,0,0,0,0,0,0,77.33,0,77.33,15.58,14.56,1.02,52,114,0.81,0.83,0.85,42,43,44,204,17
FPN495389,39.206185,-78.1667306,"ENVOY OF WINCHESTER, LLC",4,101.53,15,3,0,0,35,2,3,0,110.53,35.67,146.2,16.42,16.42,0,26,55,0.72,0.83,0.88,19,21,23,65,19
FPN495390,38.765055,-77.4534351,BIRMINGHAM GREEN,4,40.27,11,2,0,0,45,2,2,0,49.77,46,95.77,13.28,12.28,1,92,173,0.75,0.86,0.93,69,79,85,278,14
FPN495391,37.5883779,-77.5043727,GLENBURNIE REHAB & NURSING CENTER,4.8,24.93,15,3,0,0,45,5,3,0,34.73,46.67,81.4,16.17,13.59,2.58,42,94,0.69,0.83,0.89,29,35,38,156,17
FPN495392,36.8679154,-76.0235058,"COLONIAL HEALTH & REHAB CENTER, LLC",4,18,2,3,0,0,42,9,3,0,22.67,45,67.67,24.75,18.05,6.7,34,72,0.68,0.77,0.81,23,26,27,91,24
FPN495393,37.4930705,-77.4677957,SITTER AND BARFOOT VETERANS CARE CENTER,0,0,0,0,0,0,0,0,0,0,0,0,0,16.23,14.57,1.66,106,183,0.79,0.83,0.85,84,88,90,279,17
FPN495394,37.4967545,-77.5636435,THE LAURELS OF BON AIR,6.62,50.31,26,3,0,0,42,1,3,0,65.59,42.33,107.92,11.3,10,1.3,48,111,0.84,0.88,0.9,41,42,43,198,12
FPN495395,36.8595136,-76.3011154,HARBOR'S EDGE,8.92,79.38,13,2,0,0,0,0,0,0,94.81,0,94.81,33.55,24.7,8.85,24,29,0.63,0.65,0.68,15,16,16,32,33
FPN495396,38.2877017,-77.5457307,CARRIAGE HILL HEALTH AND REHAB CENTER,7.64,38.68,22,3,0,0,0,0,0,0,53.65,0,53.65,14.13,12.54,1.59,61,140,0.75,0.85,0.94,46,52,57,247,15
FPN495397,37.0925834,-76.4525127,THE CHESAPEAKE,4,125,2,3,0,4.8,43.6,5,3,0,129.67,50.07,179.73,22.69,14.7,7.99,26,45,0.62,0.79,0.91,16,20,24,58,23
FPN495398,37.183783,-77.4845132,DINWIDDIE HEALTH AND REHAB CENTER,5.33,183.08,12,3,0,0,0,0,0,0,192.42,0,192.42,16.65,14.77,1.88,23,54,0.74,0.82,0.9,17,19,21,56,17
FPN495399,36.8084388,-79.3950105,CHATHAM HEALTH & REHABILITATION CENTER,15.6,34.2,10,2,0,0,0,0,0,0,54.8,0,54.8,20.93,20.93,0,29,77,0.71,0.78,0.82,21,23,24,73,21
FPN495400,38.4436986,-78.0180894,THE CULPEPER,5,28,4,3,0,0,0,0,0,0,34.33,0,34.33,24.49,24.39,0.1,27,44,0.73,0.75,0.77,20,20,21,59,26
FPN495401,37.3540949,-77.4832377,TYLER'S RETREAT AT IRON BRIDGE,4.44,50.06,18,3,0,0,0,0,0,0,60.5,0,60.5,14.39,11.97,2.42,34,81,0.76,0.87,0.93,26,29,32,113,15
FPN495402,37.278693,-76.7615155,WINDSORMEADE OF WILLIAMSBURG,0,0,0,0,0,0,0,0,0,0,0,0,0,24.04,12.29,11.75,14,18,0.66,0.74,0.84,9,10,12,6,29
FPN495403,37.6073639,-77.6338344,LAKEWOOD MANOR,4.4,67.9,10,2,0,0,0,0,0,0,77.3,0,77.3,20.12,17.99,2.12,49,88,0.76,0.79,0.8,37,39,39,184,20
FPN495404,37.4211223,-79.915466,THE GLEBE,18,24,6,3,0,0,0,0,0,0,44,0,44,15.41,15.41,0,18,30,0.79,0.83,0.87,14,15,16,27,17
FPN495405,38.067292,-78.9013291,SUMMIT SQUARE,20,77.86,7,3,0,0,0,0,0,0,100.19,0,100.19,20.84,20.64,0.2,11,22,0.65,0.77,0.82,7,9,9,4,18
FPN495406,37.1964213,-80.4236981,THE WYBE AND MARIETJE KROONTJE HEALTH CARE CENTER,0,0,0,0,0,0,0,0,0,0,0,0,0,13.23,13.23,0,28,50,0.78,0.86,0.93,22,24,26,77,14
FPN495407,38.3664428,-77.507567,FALLS RUN NURSING AND REHAB CENTER,10.4,21,5,3,0,0,27,3,3,0,33.07,28,61.07,17.19,12.62,4.57,38,82,0.76,0.82,0.89,29,31,34,131,18
FPN495408,36.7315041,-79.8882659,KING'S GRANT RETIREMENT COMMUN,17.57,39.17,23,3,0,0,0,0,0,0,64.41,0,64.41,23.27,23.27,0,16,26,0.73,0.77,0.81,12,12,13,12,25
FPN495409,36.7254355,-81.9045949,ABINGDON HEALTH CARE LLC,10,51,6,2,0,0,0,0,0,0,64,0,64,9.98,9.98,0,50,114,0.73,0.89,0.94,37,44,47,211,12
FPN495410,38.9195146,-77.1538639,ARLEIGH BURKE PAVILION,6.29,31.43,7,3,0,0,0,0,0,0,40.05,0,40.05,14.33,13.01,1.32,29,45,0.74,0.86,0.91,21,25,26,84,14
FPN495411,37.3364416,-79.1760001,LIBERTY RIDGE HEALTH & REHAB,14.12,50,17,3,0,0,0,0,0,0,69.78,0,69.78,15.49,15.49,0,32,72,0.72,0.84,0.91,23,27,29,100,16
FPN495412,36.6157137,-82.564471,NOVA HEALTH AND REHAB,4,32,5,2,0,0,0,0,0,0,38.5,0,38.5,19.45,19.45,0,36,86,0.79,0.8,0.81,29,29,29,114,19
FPN495413,37.6404861,-77.3562204,AUTUMN CARE OF MECHANICSVILLE,4.5,21.25,8,3,0,0,32,1,3,0,28.42,32.33,60.75,13.73,11.9,1.83,63,157,0.79,0.85,0.9,50,54,57,255,14
FPN495415,39.2010056,-78.210997,THE VILLAGE AT ORCHARD RIDGE,4.44,68.89,9,3,0,0,45,3,3,0,76.33,46,122.33,16.01,15.99,0.02,13,18,0.69,0.81,0.86,9,11,11,7,15
FPN495416,39.0309811,-77.4522932,ASHBY PONDS INC,9.33,55.67,9,3,0,0,0,0,0,0,68,0,68,15.53,15.15,0.38,26,42,0.77,0.83,0.86,20,22,22,67,15
FPN495417,36.9007715,-81.2741348,RURAL RETREAT CARE CENTER,12.29,50.79,14,2,0,0,0,0,0,0,70.07,0,70.07,16.98,16.98,0,45,111,0.83,0.83,0.83,37,37,37,173,18
FPN495418,36.7710989,-76.0881386,PRINCESS ANNE HEALTH & REHABILITATION CENTER,0,0,0,0,0,0,45,2,2,0,0,46,46,21.99,16.23,5.76,56,113,0.66,0.77,0.87,37,43,49,205,23
FPN495419,37.62429,-77.345005,COVENANT WOODS NURSING HOME,6.88,57.75,32,3,0,0,50,5,3,0,75.29,51.67,126.96,13.18,11.69,1.49,25,40,0.78,0.86,0.92,20,22,23,68,12
FPN495420,37.9964833,-78.4971923,ALBEMARLE HEALTH & REHABILITATION CENTER,17,30.75,4,3,0,0,0,0,0,0,49.08,0,49.08,17.27,17.27,0,49,110,0.79,0.84,0.91,39,41,45,195,16
FPN495421,37.2055746,-79.9913879,FRIENDSHIP HEALTH AND REHAB CENTER - SOUTH,14.91,28,11,2,0,0,0,0,0,0,48.41,0,48.41,16.04,16.04,0,54,114,0.74,0.82,0.87,40,44,47,212,19
FPN495422,37.6087625,-76.5078612,DOCKSIDE HEALTH & REHAB CENTER,4,33,2,3,0,0,0,0,0,0,37.67,0,37.67,43.26,17.73,25.53,26,70,0.4,0.58,0.74,10,15,19,28,42
FPN495423,37.5383215,-77.5305711,BONVIEW REHABILITATION AND HEALTHCARE,4.67,56.22,18,2,0,0,0,0,0,0,69.89,0,69.89,18.67,16.39,2.28,57,147,0.64,0.79,0.84,37,45,48,215,21
FPN495424,38.7865951,-77.6313323,LAKE MANASSAS HEALTH & REHABILITATION CENTER,10,59,10,2,0,0,0,0,0,0,74,0,74,15.2,14.16,1.03,54,113,0.82,0.85,0.9,44,46,48,220,15
FPN495425,36.6296327,-82.1185694,THE REHAB CENTER AT BRISTOL,0,0,0,0,0,0,0,0,0,0,0,0,0,8.84,8.84,0,27,46,0.89,0.91,0.92,24,25,25,85,7
FPN495426,36.689811,-79.8429357,MULBERRY CREEK NURSING AND REHAB CENTER,0,0,0,0,0,0,0,0,0,0,0,0,0,20.38,20.38,0,82,168,0.73,0.8,0.87,60,66,71,269,20
FPN49A007,38.0732699,-78.4738624,OUR LADY OF PEACE INC,20,56.11,9,3,0,0,0,0,0,0,79.11,0,79.11,14.51,14.51,0,17,28,0.75,0.84,0.9,13,14,15,21,18
FPN49A022,37.5707689,-77.4508099,VCU HEALTH CHILDREN'S SERVICES AT BROOK ROAD,6,51,4,3,0,0,0,0,0,0,58.33,0,58.33,16.03,14.41,1.62,39,33,0.77,0.84,0.91,30,33,36,144,15
FPN49E004,37.3115819,-79.5021367,BEDFORD CO NURSING HOME,4,26.5,2,3,0,0,0,0,0,0,31.17,0,31.17,11.73,11.73,0,22,39,0.72,0.77,0.81,16,17,18,38,23
FPN49E050,38.3392723,-78.2064564,MOUNTAIN VIEW NURSING HOME,0,0,0,0,0,0,43.09,23,3,0,0,50.75,50.75,23.87,23.87,0,38,81,0.81,0.88,0.92,31,33,35,145,13
FPN49E075,38.8635481,-78.5192742,SKYLINE TERRACE CONV HOME,4,113.5,18,3,0,0,0,0,0,0,123.5,0,123.5,29.73,29.73,0,35,68,0.68,0.69,0.7,24,24,25,78,31
FPN49E076,37.2931038,-80.0594733,SNYDER NURSING HOME,9.33,79,6,2,0,0,0,0,0,0,91.33,0,91.33,19.27,19.27,0,25,42,0.78,0.8,0.83,19,20,21,60,20
FPN49E084,37.5405548,-77.4713426,THE VIRGINIA HOME,3.81,191.95,21,3,0,0,0,0,0,0,202.76,0,202.76,16.78,14.48,2.3,71,129,0.66,0.83,0.92,47,59,65,264,17
FPN49E131,36.8331033,-81.511123,SW VA M H INST GERI TRT CTR,8.57,43.71,7,3,0,0,0,0,0,0,54.62,0,54.62,17.25,17.25,0,14,21,0.79,0.82,0.86,11,12,12,13,14
FPN49E256,36.8103394,-76.1362289,OUR LADY OF PERPETUAL HELP,8,41.5,4,3,0,20,45,2,3,0,50.83,65.67,116.5,20.63,14.74,5.89,14,30,0.63,0.78,0.87,9,11,12,8,21
