FIP,county_city,total_pop_2020,ems,red_cross,fire_station,hospital,national_shelter,urgent_care,total_facilities_shelters,facilities_shelters_per_10000,percent_high_school,percent_vehicle,percent_employed,percent_not_disabled,gini_index,reverse_gini,pop_resilience,hpsa,rfld_afreq,rfld_expb,rfld_expp,rfld_exppe,rfld_expa,rfld_expt,rfld_hlrb,rfld_hlrp,rfld_hlra,rfld_hlrr,rfld_ealb,rfld_ealp,rfld_ealpe,rfld_eala,rfld_ealt,rfld_eals,rfld_ealr,rfld_risks,rfld_riskr,cfld_afreq,clfd_expb,cfld_expp,clfd_exppe,cfld_expt,cfld_hlrb,cfld_hlrp,clfd_hlrr,cfld_ealb,cfld_ealp,cfld_ealpe,cfld_ealt,cfld_eals,cfld_ealr,cfld_risks,cfld_riskr
51001,ACCOMACK,33413,1,18,16,0,3,0,38,11.37,82.8,90.9,96.3,91.3,0.4562,54.38,0.83136,1,0.54,1142952459,6500.31,49402351457,20271780.59,50565575697,0.000847393,1.16E-05,0.003897333,Very Low,524620.11,0.040713576,309423.18,42794.85,876838.14,12.05,Relatively Low,13.87,Relatively Moderate,4.465856739,2086003888,14383.48053,1.09E+11,1.11E+11,0.000904355,1.33E-07,Very Low,8424785.363,0.008558604,65045.3874,8489830.75,32.04548688,Relatively High,40.39571394,Relatively High
51003,ALBEMARLE,112395,0,15,13,4,30,1,63,5.61,92.9,95.5,96.6,94.3,0.4719,52.81,0.86422,0,3.13,314088710,1881.83,14301894369,2656980.893,14618640060,1.76E-05,1.58E-05,0.005347812,Very Low,17261.35,0.093094164,707515.65,44403.23,769180.23,11.54,Relatively Low,6.94,Relatively Low,NA,NA,NA,NA,NA,NA,NA,Not Applicable,NA,NA,NA,NA,NA,Not Applicable,NA,Not Applicable
51005,ALLEGHANY,15223,1,6,12,1,3,0,23,15.11,89.5,92.3,95.4,85.9,0.4537,54.63,0.83546,2,1.13,206979120.4,1644.18,12495797376,462318.2952,12703238815,0.00236736,2.74E-05,0.003897333,Very Low,551243.44,0.050768359,385839.53,2027.03,939110.00,12.33,Relatively Moderate,12.92,Relatively Moderate,NA,NA,NA,NA,NA,NA,NA,Not Applicable,NA,NA,NA,NA,NA,Not Applicable,NA,Not Applicable
51007,AMELIA,13265,0,7,5,0,6,0,18,13.57,85.3,96.7,95.6,89.2,0.432,56.8,0.8472,1,0.25,18486385.48,203.67,1547887842,2530069.277,1568904297,0.000112095,7.15E-06,0.003897333,Very Low,518.06,0.000364254,2768.33,2465.13,5751.52,2.26,Very Low,1.50,Very Low,NA,NA,NA,NA,NA,NA,NA,Not Applicable,NA,NA,NA,NA,NA,Not Applicable,NA,Not Applicable
51009,AMHERST,31307,0,5,6,0,3,1,15,4.79,87.1,94.9,95.1,88.5,0.4239,57.61,0.84642,1,1.17,93436847.03,796.99,6057124052,818282.084,6151379181,0.000499742,2.02E-05,0.003897333,Very Low,54476.67,0.01877751,142709.08,3720.64,200906.38,7.37,Relatively Low,7.17,Relatively Low,NA,NA,NA,NA,NA,NA,NA,Not Applicable,NA,NA,NA,NA,NA,Not Applicable,NA,Not Applicable
51011,APPOMATTOX,16119,0,2,4,0,6,0,12,7.44,87.5,96,97.2,87.6,0.4202,57.98,0.85256,1,1.04,23214544.73,231.62,1760319515,392846.2133,1783926906,0.002905802,7.15E-06,0.007630453,Very Low,70267.57,0.001726019,13117.74,3122.49,86507.80,5.57,Very Low,4.93,Very Low,NA,NA,NA,NA,NA,NA,NA,Not Applicable,NA,NA,NA,NA,NA,Not Applicable,NA,Not Applicable
51013,ARLINGTON,238643,1,14,12,1,16,2,46,1.93,94.7,86.1,97.2,95.7,0.4426,55.74,0.85888,0,1.08,251563900.2,1977.85,15031664713,183.8913152,15283228797,0.00160234,1.73E-05,0.003897333,Very Low,436681.83,0.037125365,282152.78,0.78,718835.38,11.28,Relatively Low,1.09,Very Low,4.425936328,808303135.9,4540.401832,34507053926,35315357062,1.47E-06,9.13E-09,Very Low,5273.286332,0.000183474,1394.405022,6667.691353,2.95659855,Very Low,0.313920924,Very Low
51015,AUGUSTA,77487,0,16,12,1,17,0,46,5.94,88.5,96,97.1,90.4,0.3997,60.03,0.86406,0,2.50,1504227902,15493.03,1.18E+11,18001048.18,1.19E+11,0.000158143,2.20E-06,0.002520448,Very Low,594709.18,0.085117888,646895.95,113426.76,1355031.89,13.93,Relatively Moderate,9.33,Relatively Low,NA,NA,NA,NA,NA,NA,NA,Not Applicable,NA,NA,NA,NA,NA,Not Applicable,NA,Not Applicable
51017,BATH,4209,0,3,6,1,6,0,16,38.01,88.4,97.2,93.7,90.7,0.4721,52.79,0.84558,1,1.13,43498907.48,187.20,1422724330,1355287.558,1467578525,0.002980533,7.15E-06,0.003897333,Very Low,145856.16,0.001506602,11450.18,5942.26,163248.59,6.88,Relatively Low,9.21,Relatively Low,NA,NA,NA,NA,NA,NA,NA,Not Applicable,NA,NA,NA,NA,NA,Not Applicable,NA,Not Applicable
51019,BEDFORD,79462,1,24,16,1,12,1,55,6.92,91.7,97.3,96.6,90,0.4211,57.89,0.86698,1,1.58,207075306.7,1630.05,12388349905,903042.2272,12596328253,0.000152437,7.15E-06,0.006289105,Very Low,49979.42,0.018463376,140321.66,8992.27,199293.34,7.35,Relatively Low,5.02,Very Low,NA,NA,NA,NA,NA,NA,NA,Not Applicable,NA,NA,NA,NA,NA,Not Applicable,NA,Not Applicable
51021,BLAND,6270,0,1,7,0,6,0,14,22.33,87.3,96.6,95.7,87.3,0.3975,60.25,0.8543,1,0.79,88274674.16,1220.29,9274195990,898451.9203,9363369116,0.000873509,7.15E-06,0.003897333,Very Low,61044.44,0.006911048,52523.97,2772.07,116340.48,6.15,Very Low,3.89,Very Low,NA,NA,NA,NA,NA,NA,NA,Not Applicable,NA,NA,NA,NA,NA,Not Applicable,NA,Not Applicable
51023,BOTETOURT,33596,0,15,5,0,9,0,29,8.63,93.1,96.9,97.2,91.7,0.4128,58.72,0.87524,2,1.67,290821695.7,2008.16,15261989246,1857142.872,15554668085,0.00036489,1.20E-05,0.003897333,Very Low,176863.37,0.040020394,304154.99,12063.17,493081.54,9.95,Relatively Low,4.97,Very Low,NA,NA,NA,NA,NA,NA,NA,Not Applicable,NA,NA,NA,NA,NA,Not Applicable,NA,Not Applicable
51025,BRUNSWICK,15849,0,5,8,0,6,0,19,11.99,78.9,92.8,93.1,85.9,0.4559,54.41,0.81022,1,0.42,21470665.05,188.22,1430494529,492859.739,1452458054,0.00212015,7.15E-06,0.003897333,Very Low,18967.10,0.000561048,4263.97,800.35,24031.41,3.63,Very Low,4.07,Very Low,NA,NA,NA,NA,NA,NA,NA,Not Applicable,NA,NA,NA,NA,NA,Not Applicable,NA,Not Applicable
51027,BUCHANAN,20355,0,10,11,1,11,0,33,16.21,73.8,93.8,93.5,74.6,0.4797,52.03,0.77546,1,1.63,211480663.7,2654.94,20177543176,20761.74378,20389044602,0.003187752,3.46E-05,0.003897333,Very Low,1095490.20,0.149360452,1135139.44,131.49,2230761.12,16.45,Relatively Moderate,16.27,Relatively Moderate,NA,NA,NA,NA,NA,NA,NA,Not Applicable,NA,NA,NA,NA,NA,Not Applicable,NA,Not Applicable
51029,BUCKINGHAM,16824,0,7,3,0,7,0,17,10.10,83.1,94.1,94.2,87,0.428,57.2,0.8312,2,1.63,13212679.59,151.49,1151317440,2636876.948,1167166996,0.00196736,1.14E-05,0.003897333,Very Low,42240.42,0.002800427,21283.25,16699.78,80223.44,5.43,Very Low,5.15,Very Low,NA,NA,NA,NA,NA,NA,NA,Not Applicable,NA,NA,NA,NA,NA,Not Applicable,NA,Not Applicable
51031,CAMPBELL,55696,0,16,7,0,6,0,29,5.21,88.9,94.9,96.2,90.2,0.4169,58.31,0.85702,1,1.75,95631203.89,661.44,5026973657,1169240.167,5123774101,0.000781222,7.15E-06,0.00644286,Very Low,130741.06,0.008280755,62933.74,13183.19,206857.99,7.45,Relatively Low,5.68,Very Low,NA,NA,NA,NA,NA,NA,NA,Not Applicable,NA,NA,NA,NA,NA,Not Applicable,NA,Not Applicable
51033,CAROLINE,30887,0,10,6,0,10,1,27,8.74,88.3,95.6,97.3,90.5,0.4332,56.68,0.85676,1,0.50,102237090.3,754.74,5736005992,1066767.939,5839309850,0.000155202,7.15E-06,0.003897333,Very Low,7933.70,0.002699634,20517.22,2078.77,30529.70,3.94,Very Low,2.93,Very Low,4.423936328,1474405.876,17.69137169,134454424.9,135928830.7,7.53E-05,1.07E-08,Very Low,490.86274,8.36E-07,6.355674458,497.2184144,1.244465702,Very Low,1.01605637,Very Low
51035,CARROLL,29155,1,8,4,0,18,0,31,10.63,81.7,95.4,95.6,86.1,0.4388,56.12,0.82984,1,1.92,28914363.51,239.34,1819012870,336723.1031,1848263956,0.002294292,7.15E-06,0.003897333,Very Low,127147.83,0.003281766,24941.42,2515.28,154604.54,6.76,Relatively Low,7.25,Relatively Low,NA,NA,NA,NA,NA,NA,NA,Not Applicable,NA,NA,NA,NA,NA,Not Applicable,NA,Not Applicable
51036,CHARLES CITY,6773,0,3,3,0,1,0,7,10.34,81.6,94.1,96.9,85.5,0.4924,50.76,0.81772,2,0.46,8108367.432,55.40,421069444.3,0,429177811.7,0.0017064,7.15E-06,0.003897333,Very Low,6341.55,0.00018166,1380.62,0.00,7722.17,2.49,Very Low,2.25,Very Low,4.435936328,45172074.95,415.4013699,3157050411,3202222486,0.000116764,1.27E-08,Very Low,23397.30495,2.34E-05,177.549108,23574.85406,4.50419172,Very Low,4.466535468,Very Low
51037,CHARLOTTE,11529,0,4,7,0,3,0,14,12.14,83.1,90.8,94.5,84.6,0.4885,51.15,0.8083,1,2.08,17429439.46,166.05,1261959266,1252429.296,1280641135,0.002827541,1.20E-05,0.005875681,Very Low,102671.79,0.004143503,31490.63,15330.99,149493.40,6.68,Very Low,8.03,Relatively Low,NA,NA,NA,NA,NA,NA,NA,Not Applicable,NA,NA,NA,NA,NA,Not Applicable,NA,Not Applicable
51041,CHESTERFIELD,364548,0,31,25,4,18,4,82,2.25,91.7,97.3,95.3,90.7,0.4575,54.25,0.8585,0,0.88,731277604,5707.80,43379259424,169974.7685,44110707003,0.000493613,8.29E-06,0.007903733,Very Low,315847.38,0.041387512,314545.09,1175.51,631567.98,10.80,Relatively Low,5.41,Very Low,0.035936328,270916646.2,2068.502778,15720621116,15991537762,0.001620188,1.44E-07,Very Low,15773.74735,1.07E-05,81.27340266,15855.02075,3.946294284,Very Low,2.164223347,Very Low
51043,CLARKE,14783,0,6,4,0,7,0,17,11.50,91.9,96.5,97.1,92.2,0.423,57.7,0.8708,0,1.50,120601134.7,598.56,4549075844,331756.4027,4670008735,0.001875257,7.15E-06,0.00699159,Very Low,339237.10,0.006423027,48815.00,3479.26,391531.36,9.21,Relatively Low,5.69,Very Low,NA,NA,NA,NA,NA,NA,NA,Not Applicable,NA,NA,NA,NA,NA,Not Applicable,NA,Not Applicable
51045,CRAIG,4892,0,2,3,0,2,0,7,14.31,92.2,93.3,98.3,88.6,0.3882,61.18,0.86716,1,0.58,35395489.32,309.96,2355665148,309934.8726,2391370572,0.000749453,7.15E-06,0.000124966,Very Low,15474.23,0.001293468,9830.36,22.59,25327.18,3.70,Very Low,2.87,Very Low,NA,NA,NA,NA,NA,NA,NA,Not Applicable,NA,NA,NA,NA,NA,Not Applicable,NA,Not Applicable
51047,CULPEPER,52552,0,8,7,1,17,0,33,6.28,87.2,96.8,96,89.6,0.4652,53.48,0.84616,1,2.96,196005498.3,1335.82,10152202432,3530476.68,10351738407,0.000519729,2.45E-05,0.007356521,Very Low,301364.43,0.096967022,736949.37,76833.91,1115147.71,13.06,Relatively Moderate,8.15,Relatively Low,NA,NA,NA,NA,NA,NA,NA,Not Applicable,NA,NA,NA,NA,NA,Not Applicable,NA,Not Applicable
51049,CUMBERLAND,9675,0,5,2,0,3,0,10,10.34,86.6,93.4,97.7,88.7,0.4263,57.37,0.84754,2,0.33,36528379.61,253.39,1925733734,1875996.778,1964138111,0.0017064,7.15E-06,0.003897333,Very Low,20777.34,0.000604227,4592.13,2437.13,27806.60,3.81,Very Low,4.13,Very Low,NA,NA,NA,NA,NA,NA,NA,Not Applicable,NA,NA,NA,NA,NA,Not Applicable,NA,Not Applicable
51051,DICKENSON,14124,0,7,4,1,8,0,20,14.16,79.3,89.8,95.1,75.2,0.5839,41.61,0.76202,1,1.29,75834858.85,712.48,5414849390,6435.696198,5490690685,0.001134617,7.15E-06,0.003897333,Very Low,111139.56,0.00658358,50035.21,32.40,161207.17,6.85,Relatively Low,6.86,Relatively Low,NA,NA,NA,NA,NA,NA,NA,Not Applicable,NA,NA,NA,NA,NA,Not Applicable,NA,Not Applicable
51053,DINWIDDIE,27947,0,8,3,1,3,0,15,5.37,84.9,97.1,93.7,88.8,0.4223,57.77,0.84454,1,0.50,65079206.01,644.23,4896164166,511376.3102,4961754748,0.004267102,2.30E-05,0.006544249,Very Low,138849.82,0.007393448,56190.20,1673.29,196713.31,7.32,Relatively Low,6.00,Relatively Low,NA,NA,NA,NA,NA,NA,NA,Not Applicable,NA,NA,NA,NA,NA,Not Applicable,NA,Not Applicable
51057,ESSEX,10599,0,4,3,1,2,0,10,9.43,84.4,95.3,92,88.5,0.4013,59.87,0.84014,1,0.38,78971973.95,484.34,3680978169,354864.4034,3760305007,0.000430225,7.15E-06,0.008383298,Very Low,12740.91,0.001299331,9874.92,1115.60,23731.42,3.62,Very Low,4.03,Very Low,4.435936328,130367386.6,1028.911135,7819724623,7950092010,0.001905151,1.04E-07,Very Low,1101751.253,0.000476698,3622.901853,1105374.155,16.24190499,Relatively Moderate,19.79331855,Relatively Moderate
51059,FAIRFAX,1150309,1,42,44,7,30,22,146,1.27,92.2,95.6,96,95.1,0.4332,56.68,0.87116,2,4.75,3121517240,20288.92,1.54E+11,105443.3125,1.57E+11,5.92E-05,1.33E-06,0.006476706,Very Low,877886.55,0.12861053,977440.02,3243.90,1858570.47,15.48,Relatively Moderate,3.22,Very Low,4.43192041,1271603734,8367.336338,63591756172,64863359906,6.19E-06,2.20E-08,Very Low,34884.55723,0.000817089,6209.878222,41094.43545,5.420776935,Very Low,1.233993931,Very Low
51061,FAUQUIER,72972,1,13,13,1,24,3,55,7.54,91.7,96.9,97.1,93.9,0.4177,58.23,0.87566,0,2.58,428193415.2,2634.47,20021983119,3724895.871,20453901430,0.00027088,7.15E-06,0.007299394,Very Low,299638.81,0.048686979,370021.04,70239.49,739899.34,11.39,Relatively Low,4.02,Very Low,NA,NA,NA,NA,NA,NA,NA,Not Applicable,NA,NA,NA,NA,NA,Not Applicable,NA,Not Applicable
51063,FLOYD,15476,0,7,4,0,6,1,18,11.63,89.2,93.8,96.9,91.5,0.4085,59.15,0.8611,1,0.71,12908983.96,126.39,960562735.4,244878.1315,973716597.5,0.003385403,7.15E-06,0.003897333,Very Low,30955.66,0.000640455,4867.46,676.01,36499.13,4.18,Very Low,3.10,Very Low,NA,NA,NA,NA,NA,NA,NA,Not Applicable,NA,NA,NA,NA,NA,Not Applicable,NA,Not Applicable
51065,FLUVANNA,27249,0,8,5,0,14,0,27,9.91,91.8,98.1,97.5,90.4,0.4771,52.29,0.86018,2,0.25,11972622.47,115.62,878696400.2,540740.7097,891209763.3,0.0017064,7.15E-06,0.003897333,Very Low,5107.52,0.000206778,1571.51,526.86,7205.89,2.43,Very Low,1.76,Very Low,NA,NA,NA,NA,NA,NA,NA,Not Applicable,NA,NA,NA,NA,NA,Not Applicable,NA,Not Applicable
51067,FRANKLIN,54477,0,15,11,1,8,1,36,6.61,88.6,94.7,95.7,87.9,0.4675,53.25,0.8403,1,2.38,155062483.8,760.29,5778183156,1284354.562,5934529994,0.000226641,7.15E-06,0.002507319,Very Low,83465.73,0.012917552,98173.39,7648.18,189287.30,7.23,Relatively Low,6.05,Relatively Low,NA,NA,NA,NA,NA,NA,NA,Not Applicable,NA,NA,NA,NA,NA,Not Applicable,NA,Not Applicable
51069,FREDERICK,91419,1,12,11,0,5,0,29,3.17,87.9,96,96.7,91.8,0.3965,60.35,0.8655,2,2.63,258320688.3,1954.05,14850777671,1580390.543,15110678750,0.000272246,8.67E-06,0.004074835,Very Low,184607.53,0.044495068,338162.52,16904.55,539674.60,10.25,Relatively Low,5.08,Very Low,NA,NA,NA,NA,NA,NA,NA,Not Applicable,NA,NA,NA,NA,NA,Not Applicable,NA,Not Applicable
51071,GILES,16787,0,12,9,2,9,0,32,19.06,88.7,93.6,95.9,91.5,0.3827,61.73,0.86286,1,1.67,135664397.2,1061.45,8067029116,416858.087,8203110371,0.001333732,7.15E-06,0.000374943,Very Low,301566.64,0.012655744,96183.65,260.50,398010.78,9.26,Relatively Low,9.01,Relatively Low,NA,NA,NA,NA,NA,NA,NA,Not Applicable,NA,NA,NA,NA,NA,Not Applicable,NA,Not Applicable
51073,GLOUCESTER,38711,1,7,6,1,21,2,38,9.82,89.5,97.6,96.4,87,0.3811,61.89,0.86478,0,0.33,422482978.9,3599.43,27355659978,981249.0102,27779124206,0.00344696,7.15E-06,0.003897333,Very Low,485427.30,0.00858324,65232.62,1274.75,551934.67,10.33,Relatively Low,6.99,Relatively Low,4.447904493,1271809693,10149.04665,77132754505,78404564198,0.000199531,6.62E-08,Very Low,1128722.223,0.002986572,22697.946,1151420.169,16.4643709,Relatively Moderate,12.19911449,Relatively Low
51075,GOOCHLAND,24727,0,6,6,0,3,0,15,6.07,91.5,97.7,96.3,90.9,0.4837,51.63,0.85606,2,0.21,70381894.14,395.99,3009517842,1879898.874,3081779635,0.0017064,7.15E-06,0.003897333,Very Low,25020.77,0.000590175,4485.33,1526.37,31032.47,3.96,Very Low,1.00,Very Low,NA,NA,NA,NA,NA,NA,NA,Not Applicable,NA,NA,NA,NA,NA,Not Applicable,NA,Not Applicable
51077,GRAYSON,15333,0,7,6,0,13,0,26,16.96,83.6,95.2,95.7,84.7,0.47,53,0.8244,1,1.25,38526241.2,305.12,2318900593,1209680.732,2358636515,0.000982307,7.15E-06,0.003897333,Very Low,47305.73,0.002728459,20736.29,5893.16,73935.18,5.28,Very Low,6.47,Relatively Low,NA,NA,NA,NA,NA,NA,NA,Not Applicable,NA,NA,NA,NA,NA,Not Applicable,NA,Not Applicable
51079,GREENE,20552,0,4,3,0,9,0,16,7.79,88.3,97.5,95.6,89.3,0.3913,60.87,0.86314,1,2.13,14090125.34,118.98,904266099.6,403770.4568,918759995.4,0.00384606,1.35E-05,0.007418424,Very Low,115156.85,0.003417984,25976.68,6365.10,147498.63,6.65,Very Low,4.82,Very Low,NA,NA,NA,NA,NA,NA,NA,Not Applicable,NA,NA,NA,NA,NA,Not Applicable,NA,Not Applicable
51081,GREENSVILLE,11391,0,0,1,0,1,0,2,1.76,78,90.1,94.7,88.3,0.4426,55.74,0.81368,1,0.29,30135578.53,226.31,1719948412,1271734.616,1751355725,0.006027885,1.38E-05,0.006701254,Very Low,52982.36,0.000908739,6906.42,2485.65,62374.42,4.99,Very Low,3.45,Very Low,NA,NA,NA,NA,NA,NA,NA,Not Applicable,NA,NA,NA,NA,NA,Not Applicable,NA,Not Applicable
51083,HALIFAX,34022,1,15,13,1,9,3,42,12.34,82.8,92.3,96.1,84.6,0.4484,55.16,0.82192,1,4.63,89577497.57,538.73,4094341245,1262969.511,4185181712,0.001973796,7.15E-06,0.008602704,Very Low,817735.50,0.017824652,135467.36,50250.41,1003453.27,12.61,Relatively Moderate,15.29,Relatively Moderate,NA,NA,NA,NA,NA,NA,NA,Not Applicable,NA,NA,NA,NA,NA,Not Applicable,NA,Not Applicable
51085,HANOVER,109979,0,17,18,3,8,1,47,4.27,93.5,97.1,96.8,92.5,0.419,58.1,0.876,0,0.83,328457199.7,1755.76,13343789366,1623374.116,13673869939,0.000444548,2.28E-05,0.003897333,Very Low,121679.08,0.033395072,253802.55,5272.36,380753.98,9.13,Relatively Low,3.60,Very Low,0.025936328,33940640.1,238.3538276,1811489090,1845429730,0.000656611,8.88E-08,Very Low,578.0119766,5.49E-07,4.171066804,582.1830434,1.311657301,Very Low,0.56758036,Very Low
51087,HENRICO,334389,0,26,15,5,38,5,89,2.66,91.9,94,95.9,91.6,0.4673,53.27,0.85334,2,0.79,712137911.6,5147.06,39117661724,339736.2645,39830139372,0.000274938,1.97E-05,0.003897333,Very Low,155003.23,0.080356137,610706.64,1048.22,766758.09,11.52,Relatively Low,8.50,Relatively Low,0.025936328,342588290.5,2403.706762,18268171394,18610759685,0.000317478,4.28E-08,Very Low,2820.945174,2.67E-06,20.29204965,2841.237224,2.224861746,Very Low,1.797178021,Very Low
51089,HENRY,50948,0,7,15,0,4,0,26,5.10,80.5,93.7,93.7,84.5,0.4381,56.19,0.81718,2,1.83,182936050.3,1324.02,10062558347,733461.5282,10246227859,0.001779048,1.71E-05,0.003897333,Very Low,596661.97,0.041432169,314884.48,5240.66,916787.11,12.23,Relatively Moderate,13.58,Relatively Moderate,NA,NA,NA,NA,NA,NA,NA,Not Applicable,NA,NA,NA,NA,NA,Not Applicable,NA,Not Applicable
51091,HIGHLAND,2232,0,3,2,0,4,0,9,40.32,90.7,96,88.6,87.7,0.385,61.5,0.849,1,0.58,13177399.43,77.58,589645435.8,1709063.1,604531898.4,0.004163752,9.45E-06,0.00347149,Very Low,32006.00,0.00042783,3251.51,3460.91,38718.42,4.26,Very Low,6.08,Relatively Low,NA,NA,NA,NA,NA,NA,NA,Not Applicable,NA,NA,NA,NA,NA,Not Applicable,NA,Not Applicable
51093,ISLE OF WIGHT,38606,0,6,5,0,9,1,21,5.44,88.9,96,94.1,88.1,0.4351,56.49,0.84718,0,0.54,203259866.9,1222.46,9290659854,384668.0253,9494304389,0.00193947,7.15E-06,0.011650634,Very Low,213533.86,0.004737006,36001.25,2427.55,251962.66,7.95,Relatively Low,4.35,Very Low,4.471840822,455771713.1,3411.006261,25923647581,26379419294,4.33E-05,6.41E-08,Very Low,88323.0571,0.000977388,7428.145846,95751.20294,7.186464366,Relatively Low,4.301156248,Very Low
51095,JAMES CITY,78254,1,5,5,3,28,2,44,5.62,94.9,96.5,95.9,91,0.4271,57.29,0.87118,2,0.42,261174275.4,1813.45,13782205082,29279.67581,14043408637,0.000265207,7.15E-06,0.006580795,Very Low,28860.50,0.005405461,41081.51,80.28,70022.29,5.19,Very Low,3.83,Very Low,4.44192041,586739586.2,4296.213858,32651225319,33237964906,8.45E-06,4.20E-08,Very Low,22013.70594,0.00080184,6093.983183,28107.68912,4.776123821,Very Low,3.865075107,Very Low
51097,KING AND QUEEN,6608,0,7,5,0,0,0,12,18.16,91.1,96.3,96.5,91.6,0.4283,57.17,0.86534,1,0.54,27500315.9,196.29,1491804536,175239.5112,1519480091,0.002500709,7.15E-06,0.003897333,Very Low,37250.57,0.000760623,5780.73,369.94,43401.24,4.42,Very Low,3.38,Very Low,4.435936328,79167403.23,772.9226495,5874212136,5953379540,0.000340446,4.89E-08,Very Low,119558.4552,0.000167589,1273.678966,120832.1342,7.76595159,Relatively Low,6.491695015,Relatively Low
51099,KING GEORGE,26723,0,4,4,0,8,1,17,6.36,92.3,97.7,96.2,91.8,0.3749,62.51,0.88102,1,0.42,40987892.03,288.78,2194692804,119645.8805,2235800342,2.92E-05,7.15E-06,0.003897333,Very Low,499.46,0.000860771,6541.86,194.29,7235.61,2.44,Very Low,0.63,Very Low,4.435936328,175762156.6,1263.965042,9606134321,9781896477,0.000285058,3.57E-08,Very Low,222250.7182,0.000200085,1520.648477,223771.3667,9.536785946,Relatively Low,2.720946761,Very Low
51101,KING WILLIAM,17810,0,4,3,0,3,0,10,5.61,92.2,96.7,95.9,90.8,0.3742,62.58,0.87636,1,0.54,60641440.14,474.62,3607146726,561623.4081,3668349790,0.00222976,7.15E-06,0.003897333,Very Low,73241.91,0.001839167,13977.67,1185.62,88405.20,5.61,Very Low,2.54,Very Low,4.435936328,253525823.6,2181.515138,16579515045,16833040869,0.000260198,3.83E-08,Very Low,292625.4782,0.00037041,2815.115485,295440.5937,10.46222172,Relatively Low,5.194877377,Very Low
51103,LANCASTER,10919,1,3,4,1,3,0,12,10.99,89.8,94.4,90.1,89.6,0.5566,44.34,0.81648,2,0.33,156168003.1,589.23,4478149384,62802.63822,4634380190,0.007281952,7.15E-06,0.003897333,Very Low,379069.32,0.001405085,10678.65,81.59,389829.55,9.20,Relatively Low,14.85,Relatively Moderate,4.447904493,445103662.6,2431.91919,18482585843,18927689505,0.000779358,6.95E-08,Very Low,1542956.996,0.000751259,5709.569409,1548666.565,18.17411078,Relatively Moderate,32.15129289,Relatively Moderate
51105,LEE,22173,0,13,9,1,9,0,32,14.43,80.1,89,90.3,78.7,0.4652,53.48,0.78316,1,0.58,152446925.8,2477.31,18827536834,626225.6848,18980609985,0.000750424,7.15E-06,0.003897333,Very Low,66733.23,0.010337978,78568.63,1423.69,146725.55,6.64,Very Low,7.54,Relatively Low,NA,NA,NA,NA,NA,NA,NA,Not Applicable,NA,NA,NA,NA,NA,Not Applicable,NA,Not Applicable
51107,LOUDOUN,420959,1,19,24,4,60,11,119,2.83,93.2,97.3,96.5,95.6,0.3922,60.78,0.88676,2,3.08,1145785975,7057.88,53639888584,1830041.261,54787504600,0.000114032,7.15E-06,0.009067975,Very Low,402856.32,0.155680292,1183170.22,51167.21,1637193.75,14.84,Relatively Moderate,0.00,Very Low,NA,NA,NA,NA,NA,NA,NA,Not Applicable,NA,NA,NA,NA,NA,Not Applicable,NA,Not Applicable
51109,LOUISA,37596,0,12,9,0,17,0,38,10.11,88.4,94.9,94.8,86.6,0.4421,55.79,0.84098,1,0.50,65692909.26,354.28,2692535027,439750.5993,2758667687,0.0017064,7.15E-06,0.003897333,Very Low,56049.19,0.001267234,9630.97,856.93,66537.10,5.10,Very Low,3.71,Very Low,NA,NA,NA,NA,NA,NA,NA,Not Applicable,NA,NA,NA,NA,NA,Not Applicable,NA,Not Applicable
51111,LUNENBURG,11936,0,4,2,0,0,0,6,5.03,82.7,93.2,96.2,85.5,0.419,58.1,0.8314,1,0.42,4189876.219,54.31,412764375,156600.85,417110852,0.001839214,7.15E-06,0.003897333,Very Low,3210.87,0.000161889,1230.35,254.30,4695.52,2.11,Very Low,1.95,Very Low,NA,NA,NA,NA,NA,NA,NA,Not Applicable,NA,NA,NA,NA,NA,Not Applicable,NA,Not Applicable
51113,MADISON,13837,0,3,1,0,7,0,11,7.95,88.7,98.4,95.9,90,0.4535,54.65,0.8553,1,2.38,32688776.39,254.63,1935160450,1837017.817,1969686244,0.003491311,1.33E-05,0.00815782,Very Low,271050.89,0.008032642,61048.08,35591.90,367690.86,9.02,Relatively Low,8.17,Relatively Low,NA,NA,NA,NA,NA,NA,NA,Not Applicable,NA,NA,NA,NA,NA,Not Applicable,NA,Not Applicable
51115,MATHEWS,8533,0,1,5,0,2,0,8,9.38,92.3,98.9,95.6,87.2,0.4532,54.68,0.85736,1,0.38,260612550,1941.55,14755750189,1006416.612,15017369156,0.004695537,7.15E-06,0.003897333,Very Low,458893.41,0.005208562,39585.07,1470.88,499949.36,9.99,Relatively Low,10.04,Relatively Low,4.447904493,1081124683,8402.896987,63862017104,64943141787,0.000358803,5.04E-08,Very Low,1725392.466,0.001884667,14323.4656,1739715.931,18.89266877,Relatively Moderate,20.78318067,Relatively Moderate
51117,MECKLENBURG,30319,0,10,8,1,3,0,22,7.26,84.7,91.8,96.6,86.2,0.4694,53.06,0.82472,1,0.75,78875922.86,541.75,4117330233,1201195.411,4197407351,0.000187815,7.15E-06,0.003897333,Very Low,11110.57,0.002906714,22091.02,3511.09,36712.69,4.18,Very Low,5.38,Very Low,NA,NA,NA,NA,NA,NA,NA,Not Applicable,NA,NA,NA,NA,NA,Not Applicable,NA,Not Applicable
51119,MIDDLESEX,10625,0,3,4,0,2,0,9,8.47,87.5,96.1,94.8,88.9,0.4402,55.98,0.84656,1,0.38,112955136.7,476.19,3619066464,33135.58483,3732054736,0.0017064,7.15E-06,0.003897333,Very Low,72280.00,0.001277477,9708.83,48.43,82037.25,5.47,Very Low,5.89,Relatively Low,4.447904493,424249496,2298.560137,17469057040,17893306536,0.00065793,5.86E-08,Very Low,1241527.648,0.000599234,4554.178897,1246081.827,16.90373663,Relatively Moderate,19.92591361,Relatively Moderate
51121,MONTGOMERY,99721,1,8,7,2,42,0,60,6.02,95.2,94.8,96.5,92.1,0.4912,50.88,0.85896,2,2.17,289005898.1,2835.27,21548070061,1587536.111,21838663495,0.000230004,7.45E-06,7.03E-05,Very Low,144023.70,0.04573636,347596.34,241.83,491861.87,9.94,Relatively Low,5.33,Very Low,NA,NA,NA,NA,NA,NA,NA,Not Applicable,NA,NA,NA,NA,NA,Not Applicable,NA,Not Applicable
51125,NELSON,14775,0,10,7,0,16,0,33,22.34,85.2,94.2,96.9,91.3,0.4824,51.76,0.83872,1,2.25,134635593.5,977.11,7426005664,3646529.278,7564287787,0.000268174,7.15E-06,0.000430258,Very Low,81238.11,0.015727623,119529.93,3530.14,204298.18,7.42,Relatively Low,8.46,Relatively Low,NA,NA,NA,NA,NA,NA,NA,Not Applicable,NA,NA,NA,NA,NA,Not Applicable,NA,Not Applicable
51127,NEW KENT,22945,0,4,4,1,7,0,16,6.97,92.2,98.3,96.9,92.1,0.37,63,0.885,0,0.63,57930544.55,428.85,3259280372,45490.19518,3317256406,0.001188716,7.15E-06,0.003897333,Very Low,43039.34,0.001917463,14572.72,110.81,57722.87,4.87,Very Low,1.51,Very Low,4.435936328,155466566.3,1153.739162,8768417633,8923884200,0.000322673,5.02E-08,Very Low,222528.2948,0.000257144,1954.297456,224482.5922,9.546879035,Relatively Low,3.243888929,Very Low
51131,NORTHAMPTON,12282,0,4,5,1,2,0,12,9.77,85.5,90.8,95.6,89,0.4805,51.95,0.8257,1,0.33,241148693.5,1368.98,10404275175,4888029.875,10650311898,0.005814626,7.15E-06,0.003897333,Very Low,467396.46,0.003264494,24810.15,6350.09,498556.71,9.98,Relatively Low,13.75,Relatively Moderate,4.46585674,507620036.7,3836.955982,29160865467,29668485504,0.000275067,3.00E-08,Very Low,623565.4325,0.00051446,3909.898888,627475.3314,13.44825955,Relatively Low,20.28848079,Relatively Moderate
51133,NORTHUMBERLAND,11839,1,4,4,0,8,0,17,14.36,90.1,95.4,94,91.8,0.4753,52.47,0.84754,2,0.33,135352028.7,534.65,4063345518,153805.4441,4198851352,0.007739628,7.15E-06,0.003897333,Very Low,349191.45,0.001274934,9689.50,199.81,359080.76,8.95,Relatively Low,10.91,Relatively Moderate,4.447904493,804186963.7,4298.809753,32670954126,33475141089,0.000547867,3.81E-08,Very Low,1959692.142,0.000728143,5533.887564,1965226.029,19.67605522,Relatively Moderate,26.2671069,Relatively Moderate
51135,NOTTOWAY,15642,0,5,4,1,4,0,14,8.95,83,92.3,95.7,84.5,0.4799,52.01,0.81502,1,0.33,5347436.018,68.56,521035779.7,481691.891,526864907.6,0.000660689,9.20E-06,0.003897333,Very Low,1177.66,0.000210211,1597.61,625.77,3401.04,1.89,Very Low,2.29,Very Low,NA,NA,NA,NA,NA,NA,NA,Not Applicable,NA,NA,NA,NA,NA,Not Applicable,NA,Not Applicable
51137,ORANGE,36254,0,8,4,0,13,0,25,6.90,89.7,96.6,94.5,87,0.3808,61.92,0.85944,0,1.71,21318033.99,197.01,1497312188,6667648.334,1525297870,0.005297507,7.15E-06,0.007865065,Very Low,192926.25,0.002407744,18298.85,89587.55,300812.65,8.44,Relatively Low,7.48,Relatively Low,NA,NA,NA,NA,NA,NA,NA,Not Applicable,NA,NA,NA,NA,NA,Not Applicable,NA,Not Applicable
51139,PAGE,23709,0,7,5,1,8,0,21,8.86,84.9,93.7,94.8,86,0.393,60.7,0.8402,1,1.67,105316308.8,691.80,5257648107,7818251.892,5370782667,0.00317505,7.15E-06,0.008450684,Very Low,557307.49,0.008248321,62687.24,110115.96,730110.69,11.34,Relatively Low,11.54,Relatively Moderate,NA,NA,NA,NA,NA,NA,NA,Not Applicable,NA,NA,NA,NA,NA,Not Applicable,NA,Not Applicable
51141,PATRICK,17608,0,9,10,1,11,0,31,17.61,83.1,95.7,96.3,86.1,0.4462,55.38,0.83316,1,1.58,59656749.85,491.19,3733059426,1032370.657,3793748547,0.002424214,1.71E-05,0.003897333,Very Low,228982.83,0.013313327,101181.29,6370.53,336534.65,8.76,Relatively Low,10.26,Relatively Low,NA,NA,NA,NA,NA,NA,NA,Not Applicable,NA,NA,NA,NA,NA,Not Applicable,NA,Not Applicable
51143,PITTSYLVANIA,60501,0,16,14,0,5,0,35,5.79,84.2,94.3,94.7,86.7,0.4407,55.93,0.83166,1,2.42,58548302.1,579.83,4406706161,2442739.37,4467697203,0.003557473,2.21E-05,0.014260296,Very Low,503353.03,0.030929524,235064.38,84182.62,822600.03,11.80,Relatively Low,10.27,Relatively Low,NA,NA,NA,NA,NA,NA,NA,Not Applicable,NA,NA,NA,NA,NA,Not Applicable,NA,Not Applicable
51145,POWHATAN,30333,0,3,5,0,5,0,13,4.29,89.1,99,98.6,91.4,0.3669,63.31,0.88282,0,0.50,38906891.07,299.40,2275452169,923525.0701,2315282585,0.0017064,7.15E-06,0.003897333,Very Low,33195.36,0.001070935,8139.10,1799.64,43134.11,4.42,Very Low,1.09,Very Low,NA,NA,NA,NA,NA,NA,NA,Not Applicable,NA,NA,NA,NA,NA,Not Applicable,NA,Not Applicable
51147,PRINCE EDWARD,21849,0,8,6,1,2,0,17,7.78,88.4,90.1,94.1,87.7,0.4672,53.28,0.82716,2,0.25,91556317.69,283.67,2155870988,772317.6239,2248199623,0.0017064,7.15E-06,0.003897333,Very Low,39057.93,0.000507327,3855.69,752.49,43666.11,4.43,Very Low,4.49,Very Low,NA,NA,NA,NA,NA,NA,NA,Not Applicable,NA,NA,NA,NA,NA,Not Applicable,NA,Not Applicable
51149,PRINCE GEORGE,43010,0,4,11,0,2,0,17,3.95,89.1,96.3,94.1,89,0.3958,60.42,0.85784,2,0.50,90288694.37,729.14,5541464774,165191.1364,5631918660,0.002213693,7.15E-06,0.006925776,Very Low,99935.74,0.002608074,19821.36,572.04,120329.14,6.22,Very Low,1.96,Very Low,4.44192041,114923470.9,1116.741863,8487238160,8602161631,3.25E-05,4.44E-09,Very Low,16601.47163,2.20E-05,167.5432905,16769.01493,4.020712752,Very Low,1.38558495,Very Low
51153,PRINCE WILLIAM,482204,0,21,23,3,20,11,78,1.62,88.8,97.7,95.1,93.6,0.3873,61.27,0.87294,2,3.46,1162370673,8600.20,65361500490,965005.7055,66524836169,6.36E-06,7.15E-06,0.00111491,Very Low,25564.57,0.212771844,1617066.01,3720.80,1646351.38,14.87,Relatively Moderate,5.29,Very Low,4.44192041,831655810.2,6621.808937,50325747919,51157403729,7.04E-06,5.04E-08,Very Low,25991.71378,0.001481093,11256.30718,37248.02096,5.246080268,Very Low,2.046060902,Very Low
51155,PULASKI,33800,0,6,8,1,20,0,35,10.36,89.4,94.4,95.1,84.7,0.4153,58.47,0.84414,0,1.46,317140658,1329.87,10106992921,1152126.975,10425285706,4.02E-05,7.15E-06,0.003897333,Very Low,18578.77,0.013874076,105442.97,6548.24,130569.99,6.39,Very Low,5.87,Relatively Low,NA,NA,NA,NA,NA,NA,NA,Not Applicable,NA,NA,NA,NA,NA,Not Applicable,NA,Not Applicable
51157,RAPPAHANNOCK,7348,0,6,6,0,3,0,15,20.41,90,97.3,95.8,89.8,0.4771,52.29,0.85038,1,1.79,41323570.35,247.20,1878720755,272437.6347,1920316763,0.0035947,7.15E-06,0.006900147,Very Low,266144.61,0.003168435,24080.10,3368.08,293592.80,8.37,Relatively Low,6.11,Relatively Low,NA,NA,NA,NA,NA,NA,NA,Not Applicable,NA,NA,NA,NA,NA,Not Applicable,NA,Not Applicable
51159,RICHMOND,8923,0,1,3,0,3,0,7,7.84,81,94.1,97.5,89.7,0.4499,55.01,0.83462,1,0.71,24253086.6,156.53,1189606494,278407.0291,1214137987,0.002331951,7.15E-06,0.006454633,Very Low,40061.22,0.00079317,6028.09,1272.89,47362.20,4.56,Very Low,3.57,Very Low,4.435936328,89200196.78,789.01805,5996537180,6085737377,0.000837971,5.43E-08,Very Low,331573.7822,0.000190121,1444.921137,333018.7034,10.88821627,Relatively Low,9.347373545,Relatively Low
51161,ROANOKE,96929,0,11,13,1,5,2,32,3.30,92.6,96,96.7,92.3,0.4403,55.97,0.86714,0,2.08,426648303.1,3426.22,26039246569,131386.2084,26466026258,0.000211841,7.15E-06,0.001263271,Very Low,188294.69,0.051063722,388084.29,345.78,576724.76,10.48,Relatively Low,7.55,Relatively Low,NA,NA,NA,NA,NA,NA,NA,Not Applicable,NA,NA,NA,NA,NA,Not Applicable,NA,Not Applicable
51163,ROCKBRIDGE,22650,0,12,9,0,10,0,31,13.69,89,96.6,95.3,88.5,0.4787,52.13,0.84306,2,2.13,321778308.3,2268.56,17241067210,2289306.62,17565134825,0.000586931,7.15E-06,0.003897333,Very Low,401330.92,0.034486441,262096.95,18959.65,682387.53,11.09,Relatively Low,10.15,Relatively Low,NA,NA,NA,NA,NA,NA,NA,Not Applicable,NA,NA,NA,NA,NA,Not Applicable,NA,Not Applicable
51165,ROCKINGHAM,83757,0,12,10,1,10,0,33,3.94,85.6,95.3,96.9,91.9,0.4367,56.33,0.85206,0,2.46,416173603.4,3810.67,28961123524,59255488.53,29436552616,0.001140613,7.15E-06,0.001780723,Very Low,1166953.40,0.067016458,509325.08,259397.48,1935675.95,15.69,Relatively Moderate,12.19,Relatively Moderate,NA,NA,NA,NA,NA,NA,NA,Not Applicable,NA,NA,NA,NA,NA,Not Applicable,NA,Not Applicable
51167,RUSSELL,25781,0,7,6,1,9,0,23,8.92,81.7,92.9,93.4,78.1,0.4638,53.62,0.79944,1,0.92,98325138.05,1472.71,11192577083,585052.0906,11291487274,0.000284288,7.15E-06,0.003897333,Very Low,25623.26,0.009657547,73397.36,2090.13,101110.75,5.87,Very Low,5.50,Very Low,NA,NA,NA,NA,NA,NA,NA,Not Applicable,NA,NA,NA,NA,NA,Not Applicable,NA,Not Applicable
51169,SCOTT,21576,0,6,12,0,4,0,22,10.20,82.7,91.8,96.3,77.9,0.4499,55.01,0.80742,1,0.92,146301608.3,1569.82,11930653249,1266577.012,12078221434,0.000112273,3.04E-05,0.003897333,Very Low,15056.85,0.043805718,332923.45,4524.92,352505.22,8.89,Relatively Low,9.32,Relatively Low,NA,NA,NA,NA,NA,NA,NA,Not Applicable,NA,NA,NA,NA,NA,Not Applicable,NA,Not Applicable
51171,SHENANDOAH,44186,1,12,11,1,9,0,34,7.69,88,95.5,96,88.9,0.5678,43.22,0.82324,1,2.96,269112773.6,1703.73,12948338873,13875470.84,13231327118,0.002387302,5.08E-06,0.00412529,Very Low,1900591.49,0.025608559,194625.05,169335.99,2264552.53,16.53,Relatively Moderate,16.87,Relatively Moderate,NA,NA,NA,NA,NA,NA,NA,Not Applicable,NA,NA,NA,NA,NA,Not Applicable,NA,Not Applicable
51173,SMYTH,29800,0,12,7,3,3,0,25,8.39,83.6,91.9,94.5,79.7,0.4322,56.78,0.81296,2,1.33,217593324.5,2051.52,15591543715,1362211.031,15810499251,0.000502768,7.15E-06,0.003897333,Very Low,145865.42,0.019568302,148719.10,7078.65,301663.17,8.44,Relatively Low,9.00,Relatively Low,NA,NA,NA,NA,NA,NA,NA,Not Applicable,NA,NA,NA,NA,NA,Not Applicable,NA,Not Applicable
51175,SOUTHAMPTON,17996,0,9,8,0,3,0,20,11.11,85.9,94,95.3,89.1,0.3758,62.42,0.85344,1,0.71,132498119.2,1994.83,15160673578,3456540.507,15296628237,0.001067136,2.30E-05,0.008030626,Very Low,100153.78,0.032428447,246456.20,19662.05,366272.03,9.01,Relatively Low,7.04,Relatively Low,4.437904492,154231517.7,1347.820064,10243432490,10397664007,7.43E-06,1.75E-08,Very Low,5083.729885,0.000104646,795.3072534,5879.037138,2.835105763,Very Low,2.425308965,Very Low
51177,SPOTSYLVANIA,140032,1,13,11,1,34,8,68,4.86,90.6,97,94,91.2,0.3992,60.08,0.86576,0,1.46,250252900.1,1770.46,13455505650,151149.959,13705909700,0.000754923,7.15E-06,0.007024598,Very Low,275510.72,0.018470647,140376.92,1548.41,417436.05,9.41,Relatively Low,4.51,Very Low,4.417952246,5936626.166,45.8020869,348095860.4,354032486.6,9.47E-06,7.32E-10,Very Low,248.3694794,1.48E-07,1.125452647,249.4949321,0.988904697,Very Low,0.519508782,Very Low
51179,STAFFORD,156927,0,18,15,1,36,5,75,4.78,92.6,97.9,96.4,93,0.374,62.6,0.885,0,1.79,383974677.2,2695.63,20486768063,239390.1648,20870982130,0.000399156,7.15E-06,0.006902337,Very Low,274601.39,0.034550629,262584.78,2960.46,540146.64,10.25,Relatively Low,1.81,Very Low,4.44192041,290240795.4,2180.345931,16570629073,16860869868,0.000274972,6.14E-08,Very Low,354501.6899,0.000595061,4522.461424,359024.1513,11.16456359,Relatively Low,2.158905198,Very Low
51181,SURRY,6561,0,2,5,0,2,0,9,13.72,84.9,92.7,95.3,87.4,0.4049,59.51,0.83962,1,0.54,24519391.66,148.35,1127484202,0,1152003594,0.003010238,7.15E-06,0.003897333,Very Low,39979.98,0.000574868,4368.99,0.00,44348.98,4.46,Very Low,3.47,Very Low,4.44192041,38966689.92,326.2418556,2479438103,2518404793,0.001471837,7.37E-08,Very Low,254755.7531,0.000106787,811.5778242,255567.3309,9.968633806,Relatively Low,8.493797403,Relatively Low
51183,SUSSEX,10829,0,5,5,0,7,0,17,15.70,81.6,90.8,93.2,86.8,0.4199,58.01,0.82082,2,0.58,65226965.23,586.41,4456723702,0,4521950667,0.003849514,7.15E-06,0.003897333,Very Low,146470.39,0.002447134,18598.22,0.00,165068.61,6.91,Relatively Low,2.12,Very Low,NA,NA,NA,NA,NA,NA,NA,Not Applicable,NA,NA,NA,NA,NA,Not Applicable,NA,Not Applicable
51185,TAZEWELL,40429,0,16,18,2,6,0,42,10.39,83.5,92.7,93,83.7,0.4804,51.96,0.80972,2,2.54,334921198.4,3352.39,25478175102,872204.3965,25813968505,0.002004015,7.15E-06,0.003897333,Very Low,1705934.15,0.060955403,463261.06,8639.81,2177835.02,16.32,Relatively Moderate,15.72,Relatively Moderate,NA,NA,NA,NA,NA,NA,NA,Not Applicable,NA,NA,NA,NA,NA,Not Applicable,NA,Not Applicable
51187,WARREN,40727,0,9,8,1,5,0,23,5.65,88,95.1,94.2,88.8,0.4074,59.26,0.85072,1,2.33,276383077,1582.93,12030244373,604192.9734,12307231643,0.001329871,1.14E-05,0.007643147,Very Low,857625.66,0.04206508,319694.61,10775.18,1188095.45,13.34,Relatively Moderate,8.85,Relatively Low,NA,NA,NA,NA,NA,NA,NA,Not Applicable,NA,NA,NA,NA,NA,Not Applicable,NA,Not Applicable
51191,WASHINGTON,53935,1,16,10,2,11,1,41,7.60,86.7,95.5,95.8,84.4,0.4477,55.23,0.83526,2,1.04,177742054.8,1229.02,9340534986,1501853.479,9519778894,9.49E-05,7.15E-06,0.003897333,Very Low,17570.91,0.009158531,69604.83,6097.11,93272.85,5.71,Very Low,4.72,Very Low,NA,NA,NA,NA,NA,NA,NA,Not Applicable,NA,NA,NA,NA,NA,Not Applicable,NA,Not Applicable
51193,WESTMORELAND,18477,0,9,6,0,3,0,18,9.74,84.5,95,87.5,89.4,0.4929,50.71,0.81422,1,0.50,164010311.4,652.22,4956862968,0,5120873279,0.000154632,7.15E-06,0.003897333,Very Low,12680.62,0.002332933,17730.29,0.00,30410.91,3.93,Very Low,4.43,Very Low,4.435936328,675502085,4347.400847,33040246439,33715748524,3.47E-05,2.75E-08,Very Low,103905.5534,0.000529486,4024.090063,107929.6434,7.479067354,Relatively Low,9.22625002,Relatively Low
51195,WISE,36130,0,14,10,1,16,0,41,11.35,78.7,91.8,90.8,77.3,0.4536,54.64,0.78648,2,0.83,346942299.5,4108.07,31221318473,118945.6646,31568379718,0.00025175,1.19E-05,0.003897333,Very Low,72785.57,0.04088511,310726.83,386.31,383898.71,9.15,Relatively Low,7.25,Relatively Low,NA,NA,NA,NA,NA,NA,NA,Not Applicable,NA,NA,NA,NA,NA,Not Applicable,NA,Not Applicable
51197,WYTHE,28290,0,9,6,1,12,0,28,9.90,87.4,93.9,95.8,86.2,0.4882,51.18,0.82896,0,1.67,196617013,2064.62,15691117201,3751636.088,15891485850,4.71E-05,1.17E-05,0.003897333,Very Low,15418.08,0.040167799,305275.27,24368.96,345062.31,8.83,Relatively Low,8.65,Relatively Low,NA,NA,NA,NA,NA,NA,NA,Not Applicable,NA,NA,NA,NA,NA,Not Applicable,NA,Not Applicable
51199,YORK,70045,1,9,7,2,11,1,31,4.43,94.8,97,95.4,91.5,0.3833,61.67,0.88074,0,0.58,839755929.7,5921.08,45000224991,55206.87159,45840036128,0.001043968,7.15E-06,0.003897333,Very Low,511395.71,0.024709091,187789.09,125.51,699310.32,11.18,Relatively Low,4.55,Very Low,4.44192041,3118476024,23745.73244,1.80E+11,1.84E+11,3.71E-05,2.70E-08,Very Low,514080.608,0.002845097,21622.74059,535703.3486,12.75778613,Relatively Low,5.683509488,Very Low
51510,ALEXANDRIA CITY,159467,1,8,10,1,17,1,38,2.38,92.7,89.6,96.8,94.5,0.4471,55.29,0.85778,0,1.17,999426508,4207.38,31976076640,0,32975503148,0.000236943,7.15E-06,0.003897333,Very Low,276274.97,0.035115371,266876.82,0.00,543151.79,10.27,Relatively Low,5.13,Very Low,4.425936328,2382323848,13212.8933,1.00E+11,1.03E+11,4.46E-06,1.42E-08,Very Low,46997.27887,0.000829604,6304.990553,53302.26942,5.911745965,Very Low,3.233569661,Very Low
51520,BRISTOL CITY,17219,0,2,3,2,4,0,11,6.39,86.3,89.9,93.7,82.1,0.4684,53.16,0.81032,0,0.46,180689077.6,713.89,5425552125,0,5606241202,5.33E-05,7.15E-06,0.003897333,Very Low,4413.99,0.002340727,17789.52,0.00,22203.51,3.54,Very Low,4.97,Very Low,NA,NA,NA,NA,NA,NA,NA,Not Applicable,NA,NA,NA,NA,NA,Not Applicable,NA,Not Applicable
51530,BUENA VISTA CITY,6641,0,2,1,0,3,0,6,9.03,83.6,93.5,98.2,87.6,0.6156,38.44,0.80268,2,0.46,38331369.48,312.68,2376346750,0,2414678119,0.001121823,7.15E-06,0.003897333,Very Low,19708.80,0.001025219,7791.66,0.00,27500.47,3.80,Very Low,4.68,Very Low,NA,NA,NA,NA,NA,NA,NA,Not Applicable,NA,NA,NA,NA,NA,Not Applicable,NA,Not Applicable
51540,CHARLOTTESVILLE CITY,46553,1,4,0,1,21,0,27,5.80,92.6,88.9,96,93.3,0.5296,47.04,0.83568,0,0.75,128957657.9,1020.18,7753360013,0,7882317671,2.60E-06,7.15E-06,0.003897333,Very Low,251.94,0.005473643,41599.69,0.00,41851.63,4.37,Very Low,3.77,Very Low,NA,NA,NA,NA,NA,NA,NA,Not Applicable,NA,NA,NA,NA,NA,Not Applicable,NA,Not Applicable
51550,CHESAPEAKE CITY,249422,0,16,15,1,49,3,84,3.37,92.7,95.8,95.1,91,0.4134,58.66,0.86652,2,1.13,2223034272,18981.29,1.44E+11,78182.85183,1.46E+11,0.000373406,7.15E-06,0.007336346,Very Low,933856.44,0.152762612,1160995.85,645.27,2095497.56,16.11,Relatively Moderate,7.91,Relatively Low,4.497745316,16169047793,140811.1,1.07E+12,1.09E+12,3.12E-07,1.09E-08,Very Low,22680.46294,0.006891875,52378.2504,75058.71334,6.626246208,Relatively Low,3.564508454,Very Low
51570,COLONIAL HEIGHTS CITY,18170,0,2,2,0,2,1,7,3.85,91.8,93.4,94,88.9,0.4278,57.22,0.85064,0,0.29,127840144.4,927.77,7051020020,0,7178860164,0.002053919,7.15E-06,0.003897333,Very Low,76583.88,0.001935816,14712.20,0.00,91296.08,5.67,Very Low,6.07,Relatively Low,0.025936328,159739682,937.3457144,7123827429,7283567111,0.002423568,5.02E-07,Very Low,10040.99159,1.22E-05,92.81163273,10133.80322,3.399314545,Very Low,3.984740849,Very Low
51580,COVINGTON CITY,5737,0,3,0,0,10,0,13,22.66,88.2,92.4,97.3,92.1,0.4521,54.79,0.84958,2,0.29,81597244.56,632.47,4806747432,0,4888344677,0.004283107,7.15E-06,0.003897333,Very Low,101934.51,0.001319664,10029.45,0.00,111963.96,6.07,Very Low,4.23,Very Low,NA,NA,NA,NA,NA,NA,NA,Not Applicable,NA,NA,NA,NA,NA,Not Applicable,NA,Not Applicable
51590,DANVILLE CITY,42590,0,12,12,2,8,1,35,8.22,83.8,84.8,92.9,84.5,0.474,52.6,0.7972,2,1.88,204611425.5,655.02,4978143935,0,5182755361,0.001751847,1.48E-05,0.003897333,Very Low,672089.77,0.018165464,138057.52,0.00,810147.29,11.74,Relatively Low,17.40,Relatively Moderate,NA,NA,NA,NA,NA,NA,NA,Not Applicable,NA,NA,NA,NA,NA,Not Applicable,NA,Not Applicable
51595,EMPORIA CITY,5766,0,3,1,1,0,0,5,8.67,76.3,80.9,83.3,90.8,0.4655,53.45,0.7695,1,0.38,48955330.19,439.97,3343762034,0,3392717365,0.001213225,7.15E-06,0.003897333,Very Low,22272.69,0.001180299,8970.27,0.00,31242.96,3.97,Very Low,6.97,Relatively Low,NA,NA,NA,NA,NA,NA,NA,Not Applicable,NA,NA,NA,NA,NA,Not Applicable,NA,Not Applicable
51600,FAIRFAX CITY,24146,0,2,0,0,4,1,7,2.90,92,94,96,95.5,0.4389,56.11,0.86722,0,0.79,257813668.6,1110.57,8440325740,0,8698139408,0.000213814,7.15E-06,0.003897333,Very Low,43639.88,0.006289656,47801.38,0.00,91441.26,5.67,Very Low,2.68,Very Low,NA,NA,NA,NA,NA,NA,NA,Not Applicable,NA,NA,NA,NA,NA,Not Applicable,NA,Not Applicable
51610,FALLS CHURCH CITY,14658,0,1,0,0,1,1,3,2.05,96.5,93.7,95.6,95.4,0.4185,58.15,0.8787,0,0.42,67694629.35,416.49,3165321245,0,3233015875,0.008826434,7.15E-06,0.003897333,Very Low,248959.25,0.001241457,9435.08,0.00,258394.33,8.02,Relatively Low,0.79,Very Low,NA,NA,NA,NA,NA,NA,NA,Not Applicable,NA,NA,NA,NA,NA,Not Applicable,NA,Not Applicable
51620,FRANKLIN CITY,8180,0,2,3,1,2,0,8,9.78,84.3,90.7,90.1,86.4,0.3889,61.11,0.82522,1,0.33,95619467.17,464.91,3533322510,0,3628941977,0.005097028,7.15E-06,0.003897333,Very Low,162458.38,0.001108632,8425.60,0.00,170883.98,6.99,Relatively Low,10.50,Relatively Low,4.413968164,27493935.7,302.1098142,2296034588,2323528524,4.05E-05,7.81E-09,Very Low,4910.274122,1.04E-05,79.11471173,4989.388834,2.684208911,Very Low,4.419298654,Very Low
51630,FREDERICKSBURG CITY,27982,0,3,2,2,10,0,17,6.08,92.9,91.8,94.2,89.9,0.4543,54.57,0.84674,0,0.71,285994112.1,1901.54,14451730399,0,14737724511,0.001337562,7.15E-06,0.003897333,Very Low,270962.29,0.00963569,73231.24,0.00,344193.53,8.82,Relatively Low,8.14,Relatively Low,4.402,421452372,2387.138952,18142256033,18563708405,3.44E-06,8.37E-10,Very Low,6383.911556,8.79E-06,66.83403398,6450.74559,2.924178199,Very Low,2.955639299,Very Low
51640,GALAX CITY,6720,0,2,1,1,9,1,14,20.83,77.5,87.6,91.7,83.8,0.5254,47.46,0.77612,1,0.92,11835582.2,97.40,740236238.5,0,752071820.7,0.004869477,7.15E-06,0.003897333,Very Low,52830.33,0.000638715,4854.23,0.00,57684.57,4.87,Very Low,8.10,Relatively Low,NA,NA,NA,NA,NA,NA,NA,Not Applicable,NA,NA,NA,NA,NA,Not Applicable,NA,Not Applicable
51650,HAMPTON CITY,137148,1,17,12,3,16,1,50,3.65,91.6,91.6,94.3,87.6,0.4363,56.37,0.84294,2,0.83,4212851132,36063.61,2.74E+11,0,2.78E+11,4.52E-05,7.15E-06,0.003897333,Very Low,158770.21,0.214994262,1633956.39,0.00,1792726.60,15.30,Relatively Moderate,13.22,Relatively Moderate,4.46585674,14126911375,127234.0316,9.67E+11,9.81E+11,7.93E-06,1.69E-08,Very Low,500426.3286,0.009575326,72772.47735,573198.8059,13.04875136,Relatively Low,12.35871821,Relatively Low
51660,HARRISONBURG CITY,51814,1,2,4,1,1,1,10,1.93,89.1,92.4,95.3,92.2,0.4722,52.78,0.84356,2,0.96,281519942,2432.46,18486722391,0,18768242333,0.001056932,7.15E-06,0.003897333,Very Low,285149.72,0.016676381,126740.49,0.00,411890.21,9.37,Relatively Low,11.08,Relatively Moderate,NA,NA,NA,NA,NA,NA,NA,Not Applicable,NA,NA,NA,NA,NA,Not Applicable,NA,Not Applicable
51670,HOPEWELL CITY,23033,1,5,3,1,6,0,16,6.95,84.5,91.1,91.8,86.1,0.4401,55.99,0.81898,2,0.21,60655536.03,361.90,2750442874,0,2811098410,0.0017064,7.15E-06,0.003897333,Very Low,21563.04,0.00053937,4099.21,0.00,25662.26,3.71,Very Low,4.74,Very Low,0.035936328,52300228.03,482.4336963,3666496092,3718796320,0.001969323,2.18E-07,Very Low,3701.299909,3.77E-06,28.66844212,3729.968351,2.436140018,Very Low,3.403144181,Very Low
51678,LEXINGTON CITY,7320,0,2,0,1,6,0,9,12.30,95.3,88.8,96.6,90.8,0.4425,55.75,0.8545,2,0.58,14133843.28,141.44,1074950076,0,1089083919,0.002524228,7.15E-06,0.003897333,Very Low,20811.61,0.000590242,4485.84,0.00,25297.45,3.70,Very Low,1.59,Very Low,NA,NA,NA,NA,NA,NA,NA,Not Applicable,NA,NA,NA,NA,NA,Not Applicable,NA,Not Applicable
51680,LYNCHBURG CITY,79009,0,9,11,3,16,0,39,4.94,91.2,88.9,93.7,89.5,0.4399,56.01,0.83862,2,1.21,134085994.1,973.90,7401631533,0,7535717527,0.00350732,7.15E-06,0.003897333,Very Low,568258.09,0.008418593,63981.31,0.00,632239.39,10.81,Relatively Low,11.74,Relatively Moderate,NA,NA,NA,NA,NA,NA,NA,Not Applicable,NA,NA,NA,NA,NA,Not Applicable,NA,Not Applicable
51683,MANASSAS CITY,42772,1,2,1,1,5,2,12,2.81,86,95.8,95.7,94.6,0.3977,60.23,0.86466,0,0.75,115453375.5,845.46,6425483076,0,6540936451,1.14E-05,7.15E-06,0.003897333,Very Low,987.10,0.004536202,34475.13,0.00,35462.23,4.14,Very Low,3.14,Very Low,NA,NA,NA,NA,NA,NA,NA,Not Applicable,NA,NA,NA,NA,NA,Not Applicable,NA,Not Applicable
51685,MANASSAS PARK CITY,17219,0,1,3,0,0,0,4,2.32,78.2,97,96.9,92.9,0.3852,61.48,0.85296,0,0.33,35686981,372.97,2834534110,0,2870221091,0.0017064,7.15E-06,0.003897333,Very Low,20298.76,0.000889377,6759.26,0.00,27058.02,3.78,Very Low,2.73,Very Low,NA,NA,NA,NA,NA,NA,NA,Not Applicable,NA,NA,NA,NA,NA,Not Applicable,NA,Not Applicable
51690,MARTINSVILLE CITY,13485,1,3,5,1,3,1,14,10.38,85.9,85.1,96.1,80.8,0.4897,51.03,0.79786,2,0.71,23042800.15,179.03,1360641275,0,1383684075,0.002534553,7.15E-06,0.003897333,Very Low,41368.93,0.000907207,6894.78,0.00,48263.71,4.58,Very Low,7.19,Relatively Low,NA,NA,NA,NA,NA,NA,NA,Not Applicable,NA,NA,NA,NA,NA,Not Applicable,NA,Not Applicable
51700,NEWPORT NEWS CITY,186247,0,13,13,5,19,2,52,2.79,91.8,89.6,94.8,87.4,0.442,55.8,0.8388,2,0.88,1089021720,8626.56,65561876232,0,66650897952,0.000587278,7.15E-06,0.003897333,Very Low,559613.26,0.053998876,410391.46,0.00,970004.71,12.46,Relatively Moderate,11.63,Relatively Moderate,4.46585674,4017736151,38072.5705,2.89E+11,2.93E+11,2.67E-05,1.15E-08,Very Low,478199.3158,0.001958678,14885.95253,493085.2684,12.41007881,Relatively Low,12.68367293,Relatively Low
51710,NORFOLK CITY,238005,1,20,19,7,51,4,102,4.29,89.6,87.6,93.6,88.7,0.4832,51.68,0.82236,2,1.67,5556745939,40540.16,3.08E+11,0,3.14E+11,0.000146273,7.15E-06,0.003897333,Very Low,1354667.77,0.483362645,3673556.10,0.00,5028223.87,21.57,Relatively High,18.43,Relatively Moderate,4.46585674,28587353457,237910.3249,1.81E+12,1.84E+12,2.88E-06,1.61E-08,Very Low,368124.2757,0.017154895,130377.2011,498501.4768,12.45535222,Relatively Low,11.65947904,Relatively Low
51720,NORTON CITY,3687,0,1,2,2,3,1,9,24.41,85.4,91.1,91.4,78.8,0.5133,48.67,0.79074,2,0.50,42393679.46,402.85,3061641981,0,3104035660,0.0020703,7.15E-06,0.003897333,Very Low,43883.81,0.001440953,10951.24,0.00,54835.05,4.78,Very Low,7.46,Relatively Low,NA,NA,NA,NA,NA,NA,NA,Not Applicable,NA,NA,NA,NA,NA,Not Applicable,NA,Not Applicable
51730,PETERSBURG CITY,33458,1,5,4,3,10,0,23,6.87,83.6,82.2,87.8,82.2,0.4595,54.05,0.7797,2,0.33,124397549.9,922.97,7014609342,0,7139006892,0.001025713,7.15E-06,0.003897333,Very Low,42532.06,0.002200937,16727.12,0.00,59259.18,4.91,Very Low,7.73,Relatively Low,0.013968164,153008349.6,909.7052054,6913759561,7066767911,0.000447216,4.84E-08,Very Low,955.8108051,6.15E-07,4.676085334,960.4868904,1.549878584,Very Low,2.673796997,Very Low
51735,POQUOSON CITY,12460,0,2,2,0,1,0,5,4.01,94.7,96.9,98.3,91.3,0.3564,64.36,0.89112,0,0.21,1271004470,9166.37,69664391963,0,70935396433,8.54E-06,7.15E-06,0.003897333,Very Low,2260.81,0.013661391,103826.57,0.00,106087.38,5.96,Very Low,1.98,Very Low,4.44192041,1683439000,12150,92340000000,94023439000,0.000213331,1.02E-07,Very Low,1595222.237,0.005521864,41966.16938,1637188.406,18.51399251,Relatively Moderate,6.752643483,Relatively Low
51740,PORTSMOUTH CITY,97915,0,10,9,2,23,0,44,4.49,89.3,88.9,94.3,88.5,0.4353,56.47,0.83494,2,1.08,1698522036,13853.23,1.05E+11,0,1.07E+11,7.32E-05,7.15E-06,0.003897333,Very Low,134780.62,0.107362375,815954.05,0.00,950734.67,12.38,Relatively Moderate,12.39,Relatively Moderate,4.46585674,9896781670,91493.10852,6.95E+11,7.05E+11,3.28E-06,5.46E-09,Very Low,145160.237,0.002230787,16953.97829,162114.2153,8.565266819,Relatively Low,9.386548835,Relatively Low
51750,RADFORD CITY,16070,1,2,3,0,7,0,13,8.09,94.8,92.5,93.5,90.7,0.5685,43.15,0.8293,0,0.33,44751081.81,464.77,3532275244,0,3577026326,0.002417732,7.15E-06,0.003897333,Very Low,36065.37,0.001108303,8423.10,0.00,44488.48,4.46,Very Low,4.33,Very Low,NA,NA,NA,NA,NA,NA,NA,Not Applicable,NA,NA,NA,NA,NA,Not Applicable,NA,Not Applicable
51760,RICHMOND CITY,226610,1,24,16,7,18,2,68,3.00,88.1,84.1,93.7,87.9,0.5345,46.55,0.8007,2,0.63,366370665.6,2112.31,16053563960,0,16419934625,0.0034814,2.30E-05,0.003897333,Very Low,797176.84,0.030402595,231059.72,0.00,1028236.56,12.71,Relatively Moderate,14.44,Relatively Moderate,0.025936328,766146017.5,5147.826376,39123480454,39889626472,0.000274046,1.84E-08,Very Low,5445.56542,2.46E-06,18.70568122,5464.271102,2.766801121,Very Low,3.44401959,Very Low
51770,ROANOKE CITY,100011,1,16,13,2,5,2,39,3.90,87.2,87.6,93.3,91.5,0.4896,51.04,0.82128,2,1.63,789974118,3210.98,24403420339,0,25193394457,0.000118419,7.92E-06,0.003897333,Very Low,152014.84,0.04133202,314123.35,0.00,466138.19,9.76,Relatively Low,11.82,Relatively Moderate,NA,NA,NA,NA,NA,NA,NA,Not Applicable,NA,NA,NA,NA,NA,Not Applicable,NA,Not Applicable
51775,SALEM CITY,25346,0,5,5,2,3,3,18,7.10,91.6,92.9,95.1,91.6,0.4554,54.46,0.85132,0,0.92,582291822.5,2946.70,22394926273,0,22977218096,0.000158473,1.48E-05,0.003897333,Very Low,84587.51,0.039937598,303525.74,0.00,388113.25,9.18,Relatively Low,8.15,Relatively Low,NA,NA,NA,NA,NA,NA,NA,Not Applicable,NA,NA,NA,NA,NA,Not Applicable,NA,Not Applicable
51790,STAUNTON CITY,25750,1,3,5,2,9,1,21,8.16,90,92.6,96.3,89.3,0.4506,54.94,0.84628,0,0.67,181729385,858.83,6527076383,0,6708805768,0.00306838,7.15E-06,0.003897333,Very Low,371743.26,0.004095932,31129.08,0.00,402872.34,9.30,Relatively Low,12.33,Relatively Moderate,NA,NA,NA,NA,NA,NA,NA,Not Applicable,NA,NA,NA,NA,NA,Not Applicable,NA,Not Applicable
51800,SUFFOLK CITY,94324,1,9,9,3,18,3,43,4.56,89.7,94.7,94,91.3,0.4463,55.37,0.85014,0,0.71,332237793.2,2699.96,20519702474,299109.6472,20852239377,0.000259711,7.15E-06,0.003897333,Very Low,61119.23,0.01368151,103979.48,825.73,165924.43,6.92,Relatively Low,4.39,Very Low,4.471840822,2438286561,21776.07304,1.65E+11,1.68E+11,4.95E-06,3.57E-08,Very Low,53989.20812,0.003471617,26384.291,80373.49912,6.779091393,Relatively Low,4.71625995,Very Low
51810,VIRGINIA BEACH CITY,459470,0,20,23,4,40,14,101,2.20,93.8,95.6,96,91.5,0.4296,57.04,0.86788,0,1.17,4864562826,36493.77,2.77E+11,773826.7053,2.82E+11,0.000127885,7.15E-06,0.003897333,Very Low,725790.62,0.304582082,2314823.82,3518.50,3044132.95,18.25,Relatively Moderate,10.39,Relatively Low,4.507745316,43177196409,344275.0059,2.62E+12,2.66E+12,1.77E-06,1.13E-08,Very Low,344172.2057,0.017563674,133483.9224,477656.1281,12.27926338,Relatively Low,7.655257905,Relatively Low
51820,WAYNESBORO CITY,22196,0,3,2,0,4,0,9,4.05,87.8,94.1,95.4,86.5,0.4817,51.83,0.83126,0,0.71,269653095.1,1183.57,8995165550,0,9264818645,0.001563646,2.11E-05,0.003897333,Very Low,298663.00,0.01764873,134130.35,0.00,432793.35,9.52,Relatively Low,11.55,Relatively Moderate,NA,NA,NA,NA,NA,NA,NA,Not Applicable,NA,NA,NA,NA,NA,Not Applicable,NA,Not Applicable
51830,WILLIAMSBURG CITY,15425,0,1,4,1,4,2,12,7.78,95.6,93.6,94.9,92.8,0.544,45.6,0.845,0,0.13,10418445.56,73.49,558501687.4,0,568920132.9,0.0017064,7.15E-06,0.003897333,Very Low,2222.25,6.57E-05,499.43,0.00,2721.68,1.76,Very Low,1.84,Very Low,4.425936328,13899947.26,94.50150744,718211456.5,732111403.8,0.001566954,1.37E-07,Very Low,96399.45135,5.73E-05,435.2611605,96834.71251,7.213469825,Relatively Low,8.260827965,Relatively Low
51840,WINCHESTER CITY,28120,0,2,4,2,10,2,20,7.11,85.9,92.7,94.8,88,0.4384,56.16,0.83512,2,0.46,329716624.7,1324.35,10065094915,0,10394811539,0.0017064,7.15E-06,0.003897333,Very Low,257871.39,0.004342348,33001.84,0.00,290873.24,8.34,Relatively Low,9.07,Relatively Low,NA,NA,NA,NA,NA,NA,NA,Not Applicable,NA,NA,NA,NA,NA,Not Applicable,NA,Not Applicable