"FPN","LAT","LONG","NAME","NFINES","AMTFINES","NPENAL","SCORE_K","DTC_K","NUM_DEF_K","NUM_INSP_K","NUM_COMPL_K","SCORE_E","DTC_E","NUM_DEF_E","NUM_INSP_E","NUM_COMPL_E","K_DEF_IND","E_DEF_IND","TOTAL_DEF_IND"
"495002",37.233942,-79.9729052,"SOUTH ROANOKE NURSING AND REHABILITATION",0,0,0,12,4,2,2,0,0,0,0,2,0,17,0,17
"495011",38.7349122,-77.0590098,"PROMEDICA SKILLED NURSING AND REHAB (ALEXANDRIA)",0,0,0,12,123,3,3,0,0,0,0,3,0,136,0,136
"495013",37.2801597,-80.1264926,"RICHFIELD: HEALTH CENTER - SALEM",0,0,0,104,994,11,2,0,0,0,0,2,0,1103.5,0,1103.5
"495015",36.6209283,-79.3827201,"ROMAN EAGLE REHABILITATION AND HEALTH CARE CENTER",0,0,1,132,910,11,2,0,0,0,0,2,0,1047.5,0,1047.5
"495019",38.8162249,-77.0719611,"WOODBINE REHABILITATION & HEALTHCARE CENTER",0,0,0,0,0,0,3,0,0,0,0,3,0,0,0,0
"495034",37.7808777,-79.459841,"KENDAL  AT LEXINGTON",4,4550,4,4,22,1,3,0,0,0,0,3,0,26.3333333333333,0,26.3333333333333
"495038",38.7714104,-77.5005331,"MANASSAS HEALTH AND REHAB CENTER",2,19500,2,0,0,0,2,0,0,0,0,2,0,0,0,0
"495045",37.6154708,-77.4722138,"PROMEDICA SKILLED NURSING AND REHAB (RICHMOND)",1,3250,1,92,1309,18,2,0,0,0,0,2,0,1410,0,1410
"495046",37.3514019,-79.5175735,"OAKWOOD HEALTH AND REHAB CENTER",1,657.8,1,16,267,1,2,0,0,0,0,2,0,283.5,0,283.5
"495057",38.8372538,-77.1043783,"GOODWIN HOUSE ALEXANDRIA",2,1625,2,12,105,3,3,0,0,0,0,3,0,118,0,118
"495068",36.8654723,-76.3017158,"SIGNATURE HEALTHCARE OF NORFOLK",3,86300.5,3,0,0,0,2,0,0,0,0,2,0,0,0,0
"495071",37.1469752,-76.5074528,"THE GARDENS AT WARWICK FOREST",1,3250,1,0,0,0,2,0,0,0,0,2,0,0,0,0
"495077",37.4126168,-79.1758838,"PROMEDICA SKILLED NURSING AND REHAB (LYNCHBURG)",2,1625,2,8,44,2,3,0,0,0,0,3,0,52.6666666666667,0,52.6666666666667
"495079",37.3842377,-77.5073957,"HEALTH CARE CENTER LUCY CORR",2,69452.5,2,56,294,7,2,0,0,0,0,2,0,353.5,0,353.5
"495085",37.3075884,-77.2888621,"RIVER VIEW ON THE APPOMATTOX HEALTH & REHAB CENTER",2,93229.5,2,44,1196,4,2,0,0,0,0,2,0,1242,0,1242
"495086",36.8681065,-76.0294435,"BAY POINTE REHABILITATION AND NURSING",2,61610,3,12,30,2,2,0,0,0,0,2,0,43,0,43
"495087",37.2777275,-80.0219709,"SALEM HEALTH & REHABILITATION",0,0,0,164,539,11,2,0,0,0,0,2,0,708.5,0,708.5
"495092",37.3221986,-79.9435436,"FRIENDSHIP HEALTH AND REHAB CENTER",0,0,0,40,469,7,2,0,0,0,0,2,0,512.5,0,512.5
"495093",38.438652,-78.8565777,"HARRISONBURG HLTH & REHAB CNTR",0,0,0,12,36,3,3,0,0,0,0,3,0,49,0,49
"495096",37.5975427,-77.4618146,"WESTMINSTER-CANTERBURY OF RICHMOND",0,0,0,48,196,4,2,0,0,0,0,2,0,246,0,246
"495097",37.6394048,-77.4934091,"PARHAM HEALTH CARE & REHAB CEN",1,70934.5,2,4,11,1,1,0,0,76,1,1,0,16,77,93
"495099",38.8483715,-77.3158847,"FAIRFAX REHABILITATION AND NURSING CENTER",15,42187.24,15,12,129,3,2,0,0,0,0,2,0,142.5,0,142.5
"495102",38.8601875,-77.1295057,"PROMEDICA SKILLED NURSING AND REHAB (ARLINGTON)",2,19405,2,60,599,8,2,0,0,0,0,2,0,663,0,663
"495105",37.3682936,-79.1813942,"LYNCHBURG HEALTH & REHABILITATION  CENTER",3,70193.75,4,4,22,1,3,1,12,120,2,3,1,27.3333333333333,133.666666666667,161
"495107",36.6050402,-79.4106476,"PINEY FOREST HEALTH AND REHABILITATION CENTER",0,0,0,48,138,3,1,0,0,0,0,1,0,189,0,189
"495108",36.7438135,-76.2473688,"CHESAPEAKE HEALTH AND REHABILITATION CENTER",3,95734.84,3,16,576,3,2,0,0,44,9,2,0,593.5,48.5,642
"495109",37.6280934,-77.5707413,"THE LAURELS OF UNIVERSITY PARK",1,318591,1,80,583,11,3,0,0,0,0,3,0,666.666666666667,0,666.666666666667
"495112",37.402664,-79.1418005,"GUGGENHEIMER HEALTH AND REHAB CENTER",0,0,0,148,1173,13,2,0,0,0,0,2,0,1327.5,0,1327.5
"495113",37.2159112,-77.450127,"HIRAM W DAVIS MEDICAL CTR",0,0,0,52,437,6,1,0,0,0,0,1,0,495,0,495
"495114",38.8583491,-77.057121,"REGENCY CARE OF ARLINGTON, LLC",0,0,0,20,85,5,2,0,0,0,0,2,0,107.5,0,107.5
"495115",37.2645177,-77.398874,"COLONIAL HEIGHTS REHABILITATION AND NURSING CENTER",1,655.14,1,32,350,5,1,0,0,0,0,1,0,387,0,387
"495117",36.8669264,-76.2062659,"LAKE TAYLOR HOSP",2,9730.5,2,0,0,0,2,0,0,0,0,2,0,0,0,0
"495118",36.9940323,-79.9028606,"ROCKY MOUNT HEALTH & REHAB CENTER",0,0,0,272,1260,17,2,0,0,0,0,2,0,1540.5,0,1540.5
"495120",37.450515,-79.191268,"WESTMINSTER-CANTERBURY OF LYNCHBURG INC",0,0,0,40,392,8,3,0,0,0,0,3,0,434.666666666667,0,434.666666666667
"495121",38.8957466,-77.1059967,"CHERRYDALE HEALTH AND REHABILITATION CENTER",0,0,0,16,135,4,2,0,0,0,0,2,0,153,0,153
"495123",37.2643466,-77.3249492,"WONDER CITY REHABILITATION AND NURSING CENTER",4,65796.25,5,8,58,2,2,0,0,0,0,2,0,67,0,67
"495126",36.6577872,-80.9291117,"WADDELL NURSING AND REHAB CENTER",1,3250,1,112,719,11,3,0,0,0,0,3,0,834.666666666667,0,834.666666666667
"495127",36.9109468,-76.0799365,"WESTMINSTER-CANTERBURY ON CHESAPEAKE BAY",0,0,0,0,0,0,2,0,0,0,0,2,0,0,0,0
"495131",36.5961909,-82.218724,"NHC HEALTHCARE, BRISTOL",0,0,0,48,447,3,2,0,0,0,0,2,0,496.5,0,496.5
"495133",36.8029975,-81.6756611,"VALLEY REHABILITATION AND NURSING CENTER",1,650,1,120,587,11,3,0,0,0,0,3,0,710.666666666667,0,710.666666666667
"495134",36.7189846,-82.795995,"RIDGECREST MANOR NURSING & REHABILITATION",1,24007.75,2,0,0,0,2,0,0,0,0,2,0,0,0,0
"495135",36.8760845,-82.7524975,"HERITAGE HALL BIG STONE GAP",3,54177.5,3,52,343,7,3,0,0,0,0,3,0,397.333333333333,0,397.333333333333
"495139",38.6478424,-78.6637146,"LIFE CARE CENTER OF NEW MARKET",0,0,0,0,0,0,3,0,0,0,0,3,0,0,0,0
"495140",39.1471788,-77.9797091,"ROSE HILL HEALTH AND REHAB",2,10400,2,8,28,2,3,0,0,0,0,3,0,36.6666666666667,0,36.6666666666667
"495141",37.816061,-79.8045904,"ALLEGHANY HEALTH AND REHAB",0,0,0,0,0,0,3,0,0,0,0,3,0,0,0,0
"495142",39.1721585,-78.1634797,"EVERGREEN HEALTH AND REHAB",2,80239.25,2,0,0,0,2,0,0,0,0,2,0,0,0,0
"495143",36.670158,-79.8400299,"MARTINSVILLE HEALTH AND REHAB",2,155203.75,2,124,576,12,2,0,0,0,0,2,0,706,0,706
"495144",37.2074924,-77.3818773,"PETERSBURG HEALTHCARE CENTER",2,2935.02,2,100,558,9,1,0,0,0,0,1,0,667,0,667
"495146",38.4358653,-78.8855446,"CHOICE HEALTHCARE AT HARRISONBURG",1,650,1,4,8,1,3,0,0,0,0,3,0,12.3333333333333,0,12.3333333333333
"495147",38.0682442,-78.9267911,"CHOICE HEALTHCARE AT WAYNESBORO",2,1625,2,0,0,0,3,0,0,0,0,3,0,0,0,0
"495149",36.8375748,-76.3094068,"PORTSMOUTH HEALTH AND REHAB",3,141986,3,16,16,2,2,0,0,0,0,2,0,33,0,33
"495150",36.8418015,-76.1081088,"BIRCHWOOD PARK REHABILITATION",2,187345,2,0,0,0,3,0,0,36,2,3,0,0,36.6666666666667,36.6666666666667
"495151",37.4129712,-79.1824081,"CHOICE HEALTHCARE AT LYNCHBURG",0,0,0,8,12,2,3,0,0,0,0,3,0,20.6666666666667,0,20.6666666666667
"495152",37.1234116,-81.4911403,"HERITAGE HALL TAZEWELL",0,0,0,8,120,2,2,0,0,0,0,2,0,129,0,129
"495153",38.0569121,-78.4996313,"CEDARS HEALTHCARE CENTER",6,13650,6,16,3,1,3,0,0,0,0,3,0,19.3333333333333,0,19.3333333333333
"495155",38.8371362,-77.1753867,"ANNANDALE  HEALTHCARE CENTER",3,22730.5,3,12,105,3,2,0,0,0,0,2,0,118.5,0,118.5
"495156",37.2591593,-79.9482555,"CHOICE HEALTHCARE AT ROANOKE",1,94818.75,2,72,827,8,3,0,0,0,0,3,0,901.666666666667,0,901.666666666667
"495157",36.6920412,-76.9375687,"SOUTHAMPTON MEMORIAL HOSP",1,655.1,1,0,0,0,2,0,0,0,0,2,0,0,0,0
"495160",37.6753605,-76.4014375,"RAPPAHANNOCK WESTMINSTER CANTERBURY",1,21030,1,8,30,2,3,0,0,0,0,3,0,38.6666666666667,0,38.6666666666667
"495165",39.2004119,-78.1748797,"SHENANDOAH VLY WESTMINSTER-CANTERBURY",2,1625,2,16,152,4,3,0,0,0,0,3,0,169.333333333333,0,169.333333333333
"495166",36.5781752,-79.4013247,"STRATFORD HEALTHCARE CENTER",0,0,0,148,1092,13,2,0,0,0,0,2,0,1246.5,0,1246.5
"495167",36.9546968,-81.0970348,"WYTHE CNTY COMMUNITY HOSP ECU",3,2947.99,3,0,0,0,2,0,0,0,0,2,0,0,0,0
"495168",37.7506643,-79.3513547,"SHENANDOAH VALLEY HEALTH AND REHAB",1,9080.5,1,16,40,4,3,0,0,0,0,3,0,57.3333333333333,0,57.3333333333333
"495171",38.8507482,-77.1205162,"GOODWIN HOUSE BAILEY'S CROSSROADS",0,0,0,0,0,0,3,0,0,0,0,3,0,0,0,0
"495173",36.8366959,-76.1945745,"WATERSIDE HEALTH & REHAB CENTER",1,7345,1,0,0,0,2,0,0,0,0,2,0,0,0,0
"495174",38.9269836,-77.4163166,"DULLES HEALTH & REHAB CENTER",0,0,0,12,135,3,2,0,0,0,0,2,0,148.5,0,148.5
"495177",36.7340166,-78.1335044,"COMMUNITY MEMORIAL HOSPITAL HUNDLEY CENTER",0,0,1,32,196,4,3,0,0,0,0,3,0,229.333333333333,0,229.333333333333
"495178",38.0839998,-78.482165,"CHARLOTTESVILLE HEALTH & REHABILITATION CENTER",2,21988.25,2,0,0,0,2,0,0,0,0,2,0,0,0,0
"495179",39.0232856,-77.3899499,"POTOMAC FALLS HEALTH & REHAB CENTER",0,0,0,8,88,2,2,0,0,0,0,2,0,97,0,97
"495181",37.0923143,-81.7782029,"CLINCH VALLEY MEDICAL CENTER",0,0,0,24,104,2,3,0,0,0,0,3,0,128.666666666667,0,128.666666666667
"495183",37.462058,-77.664205,"THE HAVEN AT BRANDERMILL WOODS",0,0,0,8,43,2,2,0,0,0,0,2,0,52,0,52
"495184",37.247009,-76.72486,"WOODHAVEN HALL AT WILLIAMSBURG LANDING",2,3905.08,2,0,0,0,2,0,0,0,0,2,0,0,0,0
"495185",37.0394732,-77.0790208,"WAVERLY REHABILITATION AND HEALTHCARE CENTER",2,13000,2,0,0,0,2,0,0,0,0,2,0,0,0,0
"495186",36.8067351,-76.216407,"BETH SHOLOM HOME OF EASTERN VI",1,3250,1,60,970,10,2,0,0,29,2,2,0,1035,30,1065
"495187",36.7607386,-80.7314027,"HILLSVILLE HEALTH & REHAB CENTER",1,29097.25,1,112,889,10,3,0,0,0,0,3,0,1004.33333333333,0,1004.33333333333
"495188",37.3466006,-78.8253899,"APPOMATTOX HEALTH & REHABILITATON CENTER",0,0,0,32,168,3,2,0,0,0,0,2,0,201.5,0,201.5
"495189",37.1630835,-76.4606882,"REGENCY HEALTH AND REHABILITATION CENTER",0,0,0,8,14,2,2,0,12,39,2,2,0,23,52,75
"495190",37.2415538,-76.7656404,"CONSULATE HEALTHCARE OF WILLIAMSBURG",1,9360,1,4,42,1,2,0,0,0,0,2,0,46.5,0,46.5
"495191",37.1781208,-81.146071,"BLAND COUNTY NURSING & REHABILITATION CENTER",1,3250,1,76,544,8,3,0,0,0,0,3,0,622.666666666667,0,622.666666666667
"495192",36.764874,-77.8365048,"ENVOY OF LAWRENCEVILLE, LLC",0,0,0,88,2144,16,2,0,0,0,0,2,0,2240,0,2240
"495193",37.5416773,-77.3102304,"HENRICO HEALTH & REHABILITATION CENTER",1,66426.75,2,8,28,2,2,0,0,81,1,2,0,37,81.5,118.5
"495194",36.8247038,-76.3464571,"AUTUMN CARE OF PORTSMOUTH",0,0,0,8,92,2,2,0,0,35,5,2,0,101,37.5,138.5
"495196",37.1239186,-79.2880558,"AUTUMN CARE OF ALTAVISTA",0,0,0,48,276,6,3,0,0,0,0,3,0,326,0,326
"495197",38.7106857,-77.1899871,"BELVOIR WOODS HEALTH CARE CENTER AT THE FAIRFAX",0,0,0,8,62,2,3,0,0,0,0,3,0,70.6666666666667,0,70.6666666666667
"495199",36.7001161,-77.540946,"GREENSVILLE HEALTH AND REHABILITATION CENTER",1,3250,1,60,288,6,2,0,0,0,0,2,0,351,0,351
"495200",37.2409306,-81.2441924,"WESTWOOD CENTER",0,0,0,36,306,6,3,0,0,0,0,3,0,344,0,344
"495201",36.7990814,-76.3647477,"PORTSIDE HEALTH & REHAB CENTER",1,8037.25,1,0,0,0,2,0,0,0,0,2,0,0,0,0
"495202",36.9514119,-79.3732184,"GRETNA HEALTH AND REHABILITATION CENTER",0,0,0,104,368,8,3,0,0,0,0,3,0,474.666666666667,0,474.666666666667
"495203",38.8268388,-77.0754573,"ENVOY OF ALEXANDRIA, LLC",1,3250,1,0,0,0,2,0,0,0,0,2,0,0,0,0
"495204",37.145848,-76.509433,"OLD DOMINION REHABILITATION AND NURSING",7,19852.3,7,16,72,2,1,0,0,42,13,1,0,90,55,145
"495205",38.8894987,-77.2218787,"AUGUST HEALTHCARE AT ILIFF",1,7345,1,8,106,2,2,0,0,0,0,2,0,115,0,115
"495206",36.8636972,-76.4273166,"NORTHERN CARDINAL REHABILITATION AND NURSING",4,112485,4,32,285,5,2,0,0,0,0,2,0,319.5,0,319.5
"495207",36.9864914,-79.8869509,"FRANKLIN HEALTH AND REHABILITATION CENTER",0,0,0,120,938,12,2,0,0,0,0,2,0,1064,0,1064
"495209",37.2629378,-79.9784557,"RALEIGH COURT HEALTH AND REHABILITATION CENTER",2,97769.75,2,60,490,10,2,0,0,0,0,2,0,555,0,555
"495210",36.8565415,-76.2745904,"NORFOLK HEALTH AND REHABILITATION CENTER",0,0,0,8,30,2,2,0,0,34,5,2,0,39,36.5,75.5
"495211",38.736375,-77.0778068,"MOUNT VERNON HEALTHCARE CENTER",5,135245.5,5,16,356,4,2,0,0,0,0,2,0,374,0,374
"495213",36.8720388,-76.1329919,"BAYSIDE HEALTH & REHABILITATION CENTER",1,22600,1,0,0,0,2,0,0,0,0,2,0,0,0,0
"495214",38.094358,-78.986591,"AUGUSTA MEDICAL CTR SKILLED CA",3,2925,3,0,0,0,3,0,0,0,0,3,0,0,0,0
"495215",36.7492588,-76.2388596,"OAK GROVE HEALTH & REHAB CENTER, LLC",2,75120.5,2,4,33,1,2,0,0,0,0,2,0,37.5,0,37.5
"495216",36.7335439,-79.9576967,"STANLEYTOWN HEALTH AND REHABILITATION CENTER",1,5000,1,92,609,10,3,0,0,0,0,3,0,704.333333333333,0,704.333333333333
"495217",38.8722303,-77.3791518,"PROMEDICA SKILLED NURSING AND REHAB (FAIR OAKS)",11,45825,11,8,50,2,3,0,0,0,0,3,0,58.6666666666667,0,58.6666666666667
"495218",37.5222777,-79.8796239,"BRIAN CENTER HEALTH AND REHABILITATION",0,0,0,28,270,5,3,0,0,0,0,3,0,299.666666666667,0,299.666666666667
"495220",37.9993993,-79.831587,"THE SPRINGS NURSING CENTER",1,118345.5,1,20,216,4,3,0,0,0,0,3,0,237.333333333333,0,237.333333333333
"495221",37.79187,-79.8815,"THE BRIAN CENTER",1,650,1,0,0,0,3,0,0,0,0,3,0,0,0,0
"495225",38.0277011,-78.4371229,"WESTMINSTER CANTERBURY BLUE RI",1,650,1,0,0,0,3,0,0,0,0,3,0,0,0,0
"495226",37.0360296,-78.474859,"WAYLAND NURSING AND REHABILITATION CENTER",2,18830.5,2,52,444,7,3,0,4,31,1,3,0,498.333333333333,35.3333333333333,533.666666666667
"495227",37.6058278,-77.53319,"WESTPORT REHABILITATION AND NURSING CENTER",2,41646.8,2,12,45,3,3,0,4,45,1,3,0,58,49.3333333333333,107.333333333333
"495230",37.7561802,-78.2653678,"ENVOY AT THE VILLAGE",1,56891.25,1,28,84,4,3,1,0,27,8,3,1,114.333333333333,30.6666666666667,145
"495232",36.8023893,-76.1826758,"KEMPSVILLE HEALTH & REHAB CENTER",0,0,0,4,27,1,2,0,0,0,0,2,0,31.5,0,31.5
"495233",38.7146186,-77.8103703,"FAUQUIER HEALTH REHABILITATION & NURSING CENTER",1,650,1,0,0,0,3,0,0,0,0,3,0,0,0,0
"495234",36.8623384,-76.1706178,"CYPRESS POINTE REHABILITATION AND NURSING",2,3900,2,0,0,0,2,1,0,42,1,2,1,1,43.5,44.5
"495235",37.279696,-76.722338,"ENVOY OF WILLIAMSBURG, LLC",4,232820.25,5,4,13,1,3,0,0,0,0,3,0,17.3333333333333,0,17.3333333333333
"495236",37.7441017,-77.9282724,"ENVOY AT THE MEADOWS",0,0,0,8,56,2,3,0,0,0,0,3,0,64.6666666666667,0,64.6666666666667
"495237",36.8675662,-76.027035,"VIRGINIA BEACH HEALTHCARE AND REHAB CENTER",2,13000,2,4,40,1,2,0,0,0,0,2,0,44.5,0,44.5
"495240",38.290287,-77.5254589,"FREDERICKSBURG HEALTH AND REHAB",3,31523,3,12,120,3,3,0,0,0,0,3,0,133,0,133
"495241",36.8390769,-76.1184536,"THALIA GARDENS REHABILITATION AND NURSING",3,124127.25,3,56,441,9,2,0,0,0,0,2,0,501.5,0,501.5
"495242",37.0419622,-78.9325147,"HERITAGE HALL - BROOKNEAL",0,0,0,48,318,5,2,0,0,0,0,2,0,368.5,0,368.5
"495243",38.1577289,-79.0603567,"ENVOY OF STAUNTON, LLC",3,119977,3,0,0,0,2,0,0,40,1,2,0,0,40.5,40.5
"495244",38.3782434,-78.2570842,"AUTUMN CARE OF MADISON",0,0,0,120,470,10,3,0,0,0,0,3,0,593.333333333333,0,593.333333333333
"495246",38.3014764,-77.4512388,"WOODMONT CENTER",1,8957,1,0,0,0,2,0,0,0,0,2,0,0,0,0
"495247",36.739006,-76.5865973,"NANS POINTE REHABILITATION AND NURSING",2,1625,2,28,301,7,1,0,0,35,3,1,0,336,38,374
"495248",38.7858817,-77.2807872,"BURKE HEALTH & REHABILITATION CENTER",2,23078.83,2,20,145,5,2,0,0,0,0,2,0,167.5,0,167.5
"495249",37.2797323,-78.3858669,"FARMVILLE HEALTH & REHAB CENTER",0,0,0,104,554,9,3,0,16,40,4,3,0,661,57.3333333333333,718.333333333333
"495250",36.6799917,-80.9112251,"GALAX HEALTH AND REHAB",0,0,0,112,756,9,2,0,0,0,0,2,0,872.5,0,872.5
"495252",37.1888637,-77.3760018,"BATTLEFIELD PARK HEALTHCARE CENTER",8,284105.25,8,4,9,1,3,1,0,0,0,3,1,14.3333333333333,1,15.3333333333333
"495253",36.8681786,-76.2249651,"AUTUMN CARE OF NORFOLK",1,7345,1,20,98,2,2,0,0,28,2,2,0,119,29,148
"495254",38.061374,-78.5144366,"COLONNADES HEALTH CARE CENTER",1,3250,1,4,11,1,3,0,0,0,0,3,0,15.3333333333333,0,15.3333333333333
"495255",38.6626516,-78.4731076,"SKYVIEW SPRINGS REHAB AND NURSING CENTER",5,119395.78,5,8,82,2,3,0,0,38,6,3,0,90.6666666666667,40,130.666666666667
"495256",36.741053,-76.2003348,"AUTUMN CARE OF CHESAPEAKE",1,23738,1,0,0,0,2,0,0,0,0,2,0,0,0,0
"495257",37.5216408,-77.6155652,"THE LAURELS OF WILLOW CREEK",0,0,0,8,82,2,2,0,0,0,0,2,0,91,0,91
"495258",36.7659807,-76.5983508,"AUTUMN CARE OF SUFFOLK",3,98090,4,136,1421,13,3,1,0,32,4,3,1,1562.33333333333,34.3333333333333,1596.66666666667
"495259",37.2990439,-82.0579305,"HERITAGE HALL GRUNDY",0,0,0,40,255,5,2,0,0,0,0,2,0,297.5,0,297.5
"495260",37.5055578,-77.5257031,"BEAUFONT HEALTH AND REHABILITATION CENTER",1,7962.5,1,4,48,1,1,0,0,0,0,1,0,53,0,53
"495261",39.1208912,-77.5713452,"HERITAGE HALL LEESBURG",1,3250,1,8,12,2,3,0,0,0,0,3,0,20.6666666666667,0,20.6666666666667
"495262",38.1025695,-78.9702732,"SHENANDOAH NURSING HOME",0,0,0,0,0,0,2,0,0,0,0,2,0,0,0,0
"495264",37.1295515,-76.4034492,"BAYSIDE OF POQUOSON HEALTH AND REHAB",1,69156.75,1,0,0,0,3,0,0,79,2,3,0,0,79.6666666666667,79.6666666666667
"495266",37.6226811,-77.3426272,"HANOVER HEALTH AND REHABILITATION CENTER",3,205829,3,12,138,3,2,0,0,0,0,2,0,151.5,0,151.5
"495267",38.7324234,-77.798753,"BROOKSIDE REHAB & NURSING CENTER",4,6185.28,4,28,261,7,3,0,0,0,0,3,0,291.333333333333,0,291.333333333333
"495268",38.2649067,-76.9824427,"WESTMORELAND REHABILITATION & HEALTHCARE CENTER",0,0,0,28,448,7,2,0,0,29,3,2,0,479.5,30.5,510
"495269",38.8812752,-77.1130095,"THE JEFFERSON",1,3250,1,8,64,2,3,0,0,0,0,3,0,72.6666666666667,0,72.6666666666667
"495270",36.8358139,-76.1029101,"ROSEMONT HEALTH & REHAB CENTER, LLC",1,7345,1,0,0,0,2,0,0,0,0,2,0,0,0,0
"495272",37.6155522,-77.6368774,"CANTERBURY REHABILITATION & HEALTH CARE CENTER",3,25400,3,4,9,1,3,0,0,0,0,3,0,13.3333333333333,0,13.3333333333333
"495273",36.8814356,-76.2835951,"CONSULATE HEALTH CARE OF NORFOLK",2,44495.75,2,12,84,2,2,0,0,0,0,2,0,97,0,97
"495274",37.277894,-80.0118562,"VIRGINIA VETERANS CARE CENTER",2,3900,2,16,14,1,2,0,0,0,0,2,0,30.5,0,30.5
"495275",39.1202722,-77.5680489,"LOUDOUN NURSING AND REHAB CNTR",3,2925,3,12,42,2,2,0,0,0,0,2,0,55,0,55
"495276",37.4220664,-76.5434945,"WALTER REED NURSING & REHABILITATION CENTER",0,0,0,4,25,1,2,0,16,42,3,2,0,29.5,59.5,89
"495277",37.4714481,-75.8606577,"NASSAWADOX REHABILITATION AND NURSING",2,2275,2,0,0,0,1,0,0,0,0,1,0,0,0,0
"495279",38.4593099,-78.0157036,"CULPEPER HEALTH & REHABILITATION CENTER",1,13273,1,8,30,2,3,0,0,0,0,3,0,38.6666666666667,0,38.6666666666667
"495280",38.6868005,-77.2768442,"WESTMINSTER AT LAKE RIDGE",4,6500,4,8,88,2,2,0,0,0,0,2,0,97,0,97
"495282",38.0204564,-78.004465,"LOUISA HEALTH & REHABILITATION CENTER",1,99905,2,0,0,0,2,0,0,36,2,2,0,0,37,37
"495283",37.5879723,-77.4690518,"PROMEDICA SKILLED NURSING AND REHAB (IMPERIAL)",2,73222.5,3,0,0,0,2,0,0,29,1,2,0,0,29.5,29.5
"495286",37.0342424,-76.4554953,"JAMES RIVER NURSING AND REHABILITATION CENTER",4,14625,4,52,566,6,1,0,0,0,0,1,0,624,0,624
"495287",37.0524205,-76.396148,"HAMPTON HEALTH & REHAB CENTER, LLC",1,11498.5,1,0,0,0,2,0,0,0,0,2,0,0,0,0
"495288",38.8381786,-77.1140883,"THE FOUNTAINS AT WASHINGTON HOUSE",13,41687.41,13,8,136,2,2,0,0,0,0,2,0,145,0,145
"495291",37.6120438,-77.6339239,"BETH SHOLOM HOME OF VIRGINIA",1,60333,1,96,432,9,3,0,0,0,0,3,0,531,0,531
"495293",37.2699619,-79.8855074,"BERKSHIRE HEALTH & REHABILITATION CENTER",0,0,0,64,84,4,2,0,0,0,0,2,0,150,0,150
"495294",37.0692789,-80.7594602,"PULASKI HLTH & REHAB CNTR",0,0,0,124,1112,10,2,0,0,0,0,2,0,1241,0,1241
"495295",36.5959819,-79.4096362,"RIVERSIDE HEALTH & REHAB CNTR",2,76566.75,2,28,255,5,2,0,0,0,0,2,0,285.5,0,285.5
"495296",36.7082535,-77.0556368,"COURTLAND REHABILITATION AND HEALTHCARE CENTER",2,16331.25,2,132,1028,10,2,0,0,91,7,2,0,1165,94.5,1259.5
"495297",38.0474669,-77.3559961,"BOWLING GREEN HEALTH & REHABILITATION CENTER",0,0,0,24,234,6,2,0,0,27,1,2,0,261,27.5,288.5
"495299",37.6740201,-77.5215645,"ELIZABETH ADAM CRUMP HEALTH AND REHAB",5,6500,5,76,383,7,3,1,0,0,0,3,1,462.333333333333,1,463.333333333333
"495300",38.2761793,-77.1944349,"HERITAGE HALL KING GEORGE",0,0,0,16,248,4,1,0,0,0,0,1,0,268,0,268
"495301",38.9485516,-78.2117876,"HERITAGE HALL  FRONT ROYAL",1,655.08,1,0,0,0,3,0,0,0,0,3,0,0,0,0
"495302",37.4082834,-79.1758397,"FOREST HEALTH & REHAB CENTER",2,14534,2,28,212,4,3,0,0,0,0,3,0,241.333333333333,0,241.333333333333
"495303",37.5645032,-76.7995705,"THREE RIVERS HEALTH & REHAB CENTER",2,12148.5,2,0,0,0,2,0,0,0,0,2,0,0,0,0
"495305",37.0492778,-76.3963741,"COLISEUM NURSING AND REHABILITATION CENTER",1,3250,1,12,218,2,2,0,0,0,0,2,0,231,0,231
"495306",36.63747,-80.2600535,"BLUE RIDGE THERAPY CONNECTION",3,2925,3,84,1302,6,2,0,0,0,0,2,0,1389,0,1389
"495308",37.0122814,-76.3639546,"WATERVIEW HEALTH & REHAB CENTER",1,655.08,1,8,28,2,2,0,8,43,5,2,0,37,53.5,90.5
"495309",36.8900417,-76.2551987,"NORVIEW HEIGHTS REHABILITATION AND NURSING",3,25400,4,44,196,7,3,0,0,39,2,3,0,242.333333333333,39.6666666666667,282
"495311",37.6550859,-77.6362602,"OUR LADY OF HOPE HEALTH CENTER",2,1625,2,72,692,9,3,0,0,0,0,3,0,767,0,767
"495312",39.0471187,-77.3763733,"JOHNSON CNTR/FALCONS LANDING",10,21140.23,10,8,124,2,2,0,0,0,0,2,0,133,0,133
"495315",38.8702541,-78.5145697,"CONSULATE HEALTH CARE OF WOODSTOCK",3,47420.75,3,8,66,2,3,0,0,36,1,3,0,74.6666666666667,36.3333333333333,111
"495316",38.9299903,-78.1981275,"WARREN MEMORIAL HOSP LYNN CARE CENTER",1,9080.5,1,12,84,3,3,0,0,0,0,3,0,97,0,97
"495317",37.5431529,-78.4655434,"HERITAGE HALL DILLWYN",1,3250,1,28,200,4,3,0,0,0,0,3,0,229.333333333333,0,229.333333333333
"495318",36.6981992,-78.9198516,"BERRY HILL NURSING HOME",0,0,0,92,666,9,3,0,0,0,0,3,0,761,0,761
"495319",38.8630166,-77.2649854,"THE VIRGINIAN",3,10418.6,3,28,469,7,2,0,0,0,0,2,0,500.5,0,500.5
"495320",37.1580692,-82.4467598,"HERITAGE HALL CLINTWOOD",0,0,0,16,112,2,2,0,0,0,0,2,0,129,0,129
"495321",37.7749658,-79.442523,"HERITAGE HALL LEXINGTON",0,0,0,0,0,0,3,1,0,34,2,3,1,1,35.6666666666667,36.6666666666667
"495323",36.7203745,-80.4745841,"HERITAGE HALL - LAUREL MEADOWS",2,1625,2,36,321,5,3,0,0,0,0,3,0,358.666666666667,0,358.666666666667
"495324",36.7878356,-75.9824326,"SEASIDE HHC @ ATLANTIC SHORE",2,1625,2,8,52,1,2,0,0,0,0,2,0,60.5,0,60.5
"495325",37.2230005,-79.9596634,"PHEASANT RIDGE NURSING & REHAB CENTER",1,9080.5,1,84,532,8,3,0,0,0,0,3,0,618.666666666667,0,618.666666666667
"495326",38.0705945,-78.4946398,"MONROE HEALTH & REHAB CENTER",2,13015,2,0,0,0,2,0,0,0,0,2,0,0,0,0
"495327",37.5206394,-77.481266,"ENVOY OF WESTOVER HILLS",4,290888,4,140,1346,16,3,0,0,26,2,3,0,1491.33333333333,26.6666666666667,1518
"495328",37.9218951,-76.8706097,"CARRINGTON PLACE OF TAPPAHANNOCK",0,0,0,32,96,4,2,0,0,0,0,2,0,130,0,130
"495330",36.7770761,-76.337181,"GREENBRIER REGIONAL MEDICAL CENTER",5,7800,5,16,104,4,2,0,0,45,3,2,0,122,46.5,168.5
"495331",36.6177629,-81.1535161,"GRAYSON REHABILITATION  AND HEALTH CARE CENTER",0,0,0,48,294,6,1,0,0,0,0,1,0,348,0,348
"495332",36.9810474,-76.6078297,"RIVERSIDE HEALTHY LIVING COMMUNITY-SMITHFIELD",0,0,0,120,627,11,2,0,0,0,0,2,0,752.5,0,752.5
"495333",37.1153379,-80.6831888,"HIGHLAND RIDGE REHAB CENTER",3,13889.14,3,100,1091,9,3,0,0,0,0,3,0,1194,0,1194
"495334",37.7590896,-75.6229001,"SHORE HEALTH & REHAB CENTER",1,7345,1,20,245,5,3,0,0,0,0,3,0,266.666666666667,0,266.666666666667
"495336",38.0930549,-78.9939504,"AUGUSTA NURSING & REHAB CENTER",1,3250,1,0,0,0,2,0,0,0,0,2,0,0,0,0
"495337",38.8126368,-77.19147,"AUGUST HEALTHCARE AT LEEWOOD",1,650,1,0,0,0,1,0,0,0,0,1,0,0,0,0
"495338",36.7206071,-81.9608544,"CHOICE HEALTHCARE AT ABINGDON",1,650,1,88,714,9,2,0,0,0,0,2,0,806.5,0,806.5
"495339",37.3074353,-78.4212785,"HOLLY MANOR NURSING HOME",2,39507,2,60,396,6,3,0,0,0,0,3,0,458,0,458
"495340",37.104087,-76.507581,"NEWPORT NEWS NURSING & REHAB",4,40270.75,4,0,0,0,2,0,0,0,0,2,0,0,0,0
"495342",37.1946409,-76.4881903,"YORK NURSING & REHABILITATION  CENTER",0,0,0,0,0,0,2,0,0,0,0,2,0,0,0,0
"495343",38.2917679,-78.4378472,"CHOICE HEALTHCARE AT GREENE COUNTY",2,3900,2,0,0,0,3,0,0,0,0,3,0,0,0,0
"495344",38.1616863,-79.0699342,"KINGS DAUGHTERS COMMUNITY HEALTH & REHAB",2,38246,2,8,42,2,3,0,0,0,0,3,0,50.6666666666667,0,50.6666666666667
"495345",37.7145183,-76.383353,"LANCASHIRE NURSING & REHABILITATION CENTER",1,650,1,8,50,2,2,0,0,0,0,2,0,59,0,59
"495347",36.8198944,-76.7483962,"CONSULATE HEALTH CARE OF WINDSOR",3,33566,3,80,392,8,2,0,0,0,0,2,0,476,0,476
"495348",36.9199817,-80.2992423,"SKYLINE NURSING & REHABILITATION CENTER",0,0,0,0,0,0,1,0,0,0,0,1,0,0,0,0
"495349",36.9658371,-81.087452,"CARRINGTON PLACE AT WYTHEVILLE - BIRDMONT CENTER",3,2925,3,44,156,4,2,0,0,0,0,2,0,202,0,202
"495350",36.9675523,-82.5585264,"HERITAGE HALL WISE",0,0,0,32,264,4,3,0,0,0,0,3,0,297.333333333333,0,297.333333333333
"495352",36.7503649,-83.0500971,"LEE HEALTH AND REHAB CENTER",0,0,0,0,0,0,2,0,0,0,0,2,0,0,0,0
"495353",37.0710059,-78.003573,"HERITAGE HALL BLACKSTONE",0,0,0,92,847,8,3,0,0,0,0,3,0,941.666666666667,0,941.666666666667
"495354",38.7660418,-77.2010382,"GREENSPRING VILLAGE",0,0,0,4,32,1,3,0,0,0,0,3,0,36.3333333333333,0,36.3333333333333
"495355",37.1287521,-80.5692427,"RADFORD HEALTH AND REHAB CENTER",0,0,0,68,546,6,3,0,0,0,0,3,0,616,0,616
"495356",37.1873278,-80.4081423,"HERITAGE HALL BLACKSBURG",2,65793,2,0,0,0,2,0,8,163,2,2,0,0,172,172
"495357",37.2782924,-79.9412254,"OUR LADY OF THE VALLEY",6,9318,6,72,470,10,3,0,0,40,6,3,0,545.333333333333,42,587.333333333333
"495358",37.3365134,-77.9847946,"AMELIA REHABILITATION AND HEALTHCARE CENTER",2,10704.44,2,100,952,10,2,0,0,0,0,2,0,1057,0,1057
"495359",38.2546278,-78.1176893,"DOGWOOD VILLAGE OF ORANGE COUNTY HEALTH AND REHAB",0,0,0,0,0,0,3,0,0,0,0,3,0,0,0,0
"495360",37.8199448,-79.8143096,"THE WOODLANDS HEALTH AND REHAB CENTER",0,0,0,8,44,2,3,0,0,0,0,3,0,52.6666666666667,0,52.6666666666667
"495361",38.6291872,-77.2752902,"ENVOY OF WOODBRIDGE, LLC",1,3250,1,4,26,1,2,0,0,0,0,2,0,30.5,0,30.5
"495362",37.7677133,-77.4953806,"ASHLAND NURSING AND REHABILITATION",0,0,0,36,156,6,2,0,0,0,0,2,0,195,0,195
"495363",37.5790334,-79.0378996,"FAIRMONT CROSSING HEALTH AND REHAB CENTER",1,5149.34,1,16,174,1,2,0,0,0,0,2,0,190.5,0,190.5
"495364",37.961846,-76.7744995,"NORTHERN NECK SENIOR CARE COMMUNITY",3,6739.84,4,0,0,0,2,0,0,0,0,2,0,0,0,0
"495365",36.9039921,-82.0580444,"MAPLE GROVE HEALTH CARE CENTER",0,0,0,8,33,1,2,0,0,0,0,2,0,41.5,0,41.5
"495366",36.7877409,-76.6191584,"LAKE PRINCE WOODS, INC",0,0,0,24,92,2,2,0,0,0,0,2,0,117,0,117
"495367",37.0445028,-76.4328534,"NORTHAMPTON NURSING AND REHABILITATION CENTER",0,0,0,12,267,3,2,0,16,42,2,2,0,280.5,59,339.5
"495368",37.0495204,-76.4759871,"THE NEWPORT NURSING AND REHABILITATION CENTER",2,13000,2,0,0,0,2,0,0,0,0,2,0,0,0,0
"495369",37.2558092,-76.8083012,"THE CONVALESCENT CENTER AT PATRIOTS COLONY",0,0,0,8,26,2,3,0,0,0,0,3,0,34.6666666666667,0,34.6666666666667
"495370",38.3823867,-78.9700965,"BRIDGEWATER HOME , INC.",0,0,0,0,0,0,3,0,0,0,0,3,0,0,0,0
"495371",37.387595,-80.827312,"HERITAGE HALL-RICH CREEK",0,0,0,0,0,0,1,0,0,0,0,1,0,0,0,0
"495372",36.7338101,-78.9225037,"SOUTH BOSTON HEALTH & REHAB CENTER",1,46159.75,1,76,1050,10,3,0,0,0,0,3,0,1129.33333333333,0,1129.33333333333
"495373",37.2644521,-80.0137962,"BRANDON OAKS NURSING AND REHABILITATION CENTER",6,8813.27,6,112,593,11,3,0,0,0,0,3,0,708.666666666667,0,708.666666666667
"495374",36.9444704,-82.6254681,"MOUNTAIN VIEW REGIONAL MEDICAL CENTER",1,650,1,24,80,4,2,0,0,0,0,2,0,106,0,106
"495375",36.6996704,-77.5375346,"EMPORIA REHABILITATION AND HEALTHCARE CENTER",4,36949.25,4,28,275,5,2,0,3.2,41,25,2,0,305.5,56.7,362.2
"495377",38.06897,-78.48225,"THE LAURELS OF CHARLOTTESVILLE",1,650,1,4,21,1,2,0,0,0,0,2,0,25.5,0,25.5
"495378",37.2983614,-79.8896191,"SPRINGTREE HEALTHCARE & REHAB CENTER",0,0,0,44,225,5,2,0,0,0,0,2,0,271.5,0,271.5
"495379",36.6225625,-78.5776625,"CLARKSVILLE HEALTH & REHAB CENTER",1,7345,1,80,434,8,2,0,4,41,1,2,0,518,45.5,563.5
"495380",36.8176155,-78.4704435,"CHASE CITY HEALTH AND REHAB CENTER",1,9772.75,1,20,87,3,3,0,0,0,0,3,0,108,0,108
"495381",37.3555429,-79.2415467,"SUMMIT HEALTH AND REHAB CENTER",1,657.8,1,76,322,7,2,0,0,0,0,2,0,401.5,0,401.5
"495383",37.4154495,-76.5262879,"FRANCIS N SANDERS NURSING HOME, INC",2,138039.2,2,12,34,2,2,0,0,0,0,2,0,47,0,47
"495384",36.8530156,-81.505892,"FRANCIS MARION MANOR HEALTH & REHABILITATION",1,9750,1,84,540,9,3,0,0,0,0,3,0,627,0,627
"495385",38.4745479,-78.872857,"VMRC, COMPLETE LIVING CARE",1,650,1,12,20,2,2,0,0,0,0,2,0,33,0,33
"495386",37.3928,-79.9126673,"CARRINGTON PLACE AT BOTETOURT COMMONS",1,3250,1,92,441,9,3,0,0,45,5,3,0,536,46.6666666666667,582.666666666667
"495387",38.3978914,-78.8346367,"SUNNYSIDE PRESBYTERIAN RETIREMENT COMMUNITY",0,0,0,8,32,2,3,0,0,0,0,3,0,40.6666666666667,0,40.6666666666667
"495388",38.8039587,-77.6053246,"GAINESVILLE HEALTH AND REHAB CENTER",0,0,0,0,0,0,3,0,0,0,0,3,0,0,0,0
"495389",39.206185,-78.1667306,"ENVOY OF WINCHESTER, LLC",2,10172.5,2,20,275,5,3,0,0,35,2,3,0,296.666666666667,35.6666666666667,332.333333333333
"495390",38.765055,-77.4534351,"BIRMINGHAM GREEN",2,165976.84,2,12,141,3,2,0,0,0,0,2,0,154.5,0,154.5
"495391",37.5883779,-77.5043727,"GLENBURNIE REHAB & NURSING CENTER",3,2937.69,3,12,87,3,3,0,0,0,0,3,0,100,0,100
"495392",36.8679154,-76.0235058,"COLONIAL HEALTH & REHAB CENTER, LLC",4,96211.5,5,8,36,2,3,0,0,0,0,3,0,44.6666666666667,0,44.6666666666667
"495393",37.4930705,-77.4677957,"SITTER AND BARFOOT VETERANS CARE CENTER",1,34105,2,0,0,0,2,0,0,0,0,2,0,0,0,0
"495394",37.4967545,-77.5636435,"THE LAURELS OF BON AIR",0,0,0,100,798,14,3,0,0,0,0,3,0,902.666666666667,0,902.666666666667
"495395",36.8595136,-76.3011154,"HARBOR'S EDGE",1,650,1,84,838,9,2,0,0,0,0,2,0,926.5,0,926.5
"495396",38.2877017,-77.5457307,"CARRIAGE HILL HEALTH AND REHAB CENTER",0,0,0,32,472,8,3,0,0,0,0,3,0,506.666666666667,0,506.666666666667
"495397",37.0925834,-76.4525127,"THE CHESAPEAKE",0,0,0,0,0,0,3,0,0,0,0,3,0,0,0,0
"495398",37.183783,-77.4845132,"DINWIDDIE HEALTH AND REHAB CENTER",1,657.8,1,0,0,0,3,0,0,0,0,3,0,0,0,0
"495399",36.8084388,-79.3950105,"CHATHAM HEALTH & REHABILITATION CENTER",0,0,0,52,168,4,2,0,0,0,0,2,0,222,0,222
"495400",38.4436986,-78.0180894,"THE CULPEPER",3,16032.25,3,0,0,0,3,0,0,0,0,3,0,0,0,0
"495401",37.3540949,-77.4832377,"TYLER'S RETREAT AT IRON BRIDGE",0,0,0,0,0,0,3,0,0,0,0,3,0,0,0,0
"495402",37.278693,-76.7615155,"WINDSORMEADE OF WILLIAMSBURG",1,657.8,1,0,0,0,3,0,0,0,0,3,0,0,0,0
"495403",37.6073639,-77.6338344,"LAKEWOOD MANOR",1,11076,1,4,31,1,2,0,0,0,0,2,0,35.5,0,35.5
"495404",37.4211223,-79.915466,"THE GLEBE",4,6198.31,4,8,50,2,3,0,0,0,0,3,0,58.6666666666667,0,58.6666666666667
"495405",38.067292,-78.9013291,"SUMMIT SQUARE",0,0,0,0,0,0,2,0,0,0,0,2,0,0,0,0
"495406",37.1964213,-80.4236981,"THE WYBE AND MARIETJE KROONTJE HEALTH CARE CENTER",0,0,0,16,180,3,1,0,0,0,0,1,0,199,0,199
"495407",38.3664428,-77.507567,"FALLS RUN NURSING AND REHAB CENTER",1,650,1,0,0,0,3,0,0,0,0,3,0,0,0,0
"495408",36.7315041,-79.8882659,"KING'S GRANT RETIREMENT COMMUN",0,0,0,88,376,8,3,0,0,0,0,3,0,466.666666666667,0,466.666666666667
"495409",36.7254355,-81.9045949,"ABINGDON HEALTH CARE LLC",0,0,0,52,306,6,2,0,0,0,0,2,0,361,0,361
"495410",38.9195146,-77.1538639,"ARLEIGH BURKE PAVILION",4,14631.5,4,16,148,4,3,0,0,0,0,3,0,165.333333333333,0,165.333333333333
"495411",37.3364416,-79.1760001,"LIBERTY RIDGE HEALTH & REHAB",0,0,0,20,68,2,3,0,0,0,0,3,0,88.6666666666667,0,88.6666666666667
"495412",36.6157137,-82.564471,"NOVA HEALTH AND REHAB",0,0,0,0,0,0,2,0,0,0,0,2,0,0,0,0
"495413",37.6404861,-77.3562204,"AUTUMN CARE OF MECHANICSVILLE",0,0,0,8,26,2,3,0,0,0,0,3,0,34.6666666666667,0,34.6666666666667
"495415",39.2010056,-78.210997,"THE VILLAGE AT ORCHARD RIDGE",2,10400,2,0,0,0,3,0,0,0,0,3,0,0,0,0
"495416",39.0309811,-77.4522932,"ASHBY PONDS INC",0,0,0,8,56,2,3,0,0,0,0,3,0,64.6666666666667,0,64.6666666666667
"495417",36.9007715,-81.2741348,"RURAL RETREAT CARE CENTER",4,23474.02,4,80,553,9,2,0,0,0,0,2,0,637.5,0,637.5
"495418",36.7710989,-76.0881386,"PRINCESS ANNE HEALTH & REHABILITATION CENTER",0,0,0,0,0,0,2,0,0,0,0,2,0,0,0,0
"495419",37.62429,-77.345005,"COVENANT WOODS NURSING HOME",0,0,0,0,0,0,3,0,0,0,0,3,0,0,0,0
"495420",37.9964833,-78.4971923,"ALBEMARLE HEALTH & REHABILITATION CENTER",0,0,0,0,0,0,3,0,0,0,0,3,0,0,0,0
"495421",37.2055746,-79.9913879,"FRIENDSHIP HEALTH AND REHAB CENTER - SOUTH",0,0,0,40,170,5,2,0,0,0,0,2,0,212.5,0,212.5
"495422",37.6087625,-76.5078612,"DOCKSIDE HEALTH & REHAB CENTER",2,99167.25,2,8,66,2,3,0,0,0,0,3,0,74.6666666666667,0,74.6666666666667
"495423",37.5383215,-77.5305711,"BONVIEW REHABILITATION AND HEALTHCARE",6,324720,6,12,105,3,2,0,0,0,0,2,0,118.5,0,118.5
"495424",38.7865951,-77.6313323,"LAKE MANASSAS HEALTH & REHABILITATION CENTER",1,3250,1,0,0,0,2,0,0,0,0,2,0,0,0,0
"495425",36.6296327,-82.1185694,"THE REHAB CENTER AT BRISTOL",4,4550,4,0,0,0,1,0,0,0,0,1,0,0,0,0
"495426",36.689811,-79.8429357,"MULBERRY CREEK NURSING AND REHAB CENTER",0,0,0,0,0,0,1,0,0,0,0,1,0,0,0,0
"49A007",38.0732699,-78.4738624,"OUR LADY OF PEACE INC",0,0,0,0,0,0,3,0,0,0,0,3,0,0,0,0
"49A022",37.5707689,-77.4508099,"VCU HEALTH CHILDREN'S SERVICES AT BROOK ROAD",0,0,0,0,0,0,3,0,0,0,0,3,0,0,0,0
"49E004",37.3115819,-79.5021367,"BEDFORD CO NURSING HOME",0,0,0,4,11,1,3,0,0,0,0,3,0,15.3333333333333,0,15.3333333333333
"49E050",38.3392723,-78.2064564,"MOUNTAIN VIEW NURSING HOME",0,0,0,0,0,0,3,0,0,0,0,3,0,0,0,0
"49E075",38.8635481,-78.5192742,"SKYLINE TERRACE CONV HOME",0,0,0,8,52,2,3,0,0,0,0,3,0,60.6666666666667,0,60.6666666666667
"49E076",37.2931038,-80.0594733,"SNYDER NURSING HOME",1,650,1,52,474,6,2,0,0,0,0,2,0,529,0,529
"49E084",37.5405548,-77.4713426,"THE VIRGINIA HOME",1,650,1,12,69,3,2,0,0,0,0,2,0,82.5,0,82.5
"49E131",36.8331033,-81.511123,"SW VA M H INST GERI TRT CTR",1,650,1,48,264,6,3,0,0,0,0,3,0,314,0,314
"49E256",36.8103394,-76.1362289,"OUR LADY OF PERPETUAL HELP",0,0,0,8,92,2,3,0,16,45,1,3,0,100.666666666667,61.3333333333333,162
